<?xml version="1.0" encoding="UTF-8" standalone="no" ?>
<Favorites>
	<AttrTable>
		<ActPlatformSign>22359</ActPlatformSign>
		<Version>101</Version>
		<ItemNum>7</ItemNum>
		<Item>
			<Name>Etiketten</Name>
			<Index>18</Index>
			<RefId>1279479602</RefId>
		</Item>
		<Item>
			<Name>Etiketten</Name>
			<Index>18</Index>
			<RefId>1279479602</RefId>
		</Item>
		<Item>
			<Name>Volllinie</Name>
			<Index>1</Index>
			<RefId>1297306713</RefId>
		</Item>
		<Item>
			<Name>Nur Vordergrund-Stift</Name>
			<Index>64</Index>
			<RefId>1279351090</RefId>
		</Item>
		<Item>
			<Name>Etiketten</Name>
			<Index>18</Index>
			<RefId>1279479602</RefId>
		</Item>
		<Item>
			<Name>Volllinie</Name>
			<Index>1</Index>
			<RefId>1297306713</RefId>
		</Item>
		<Item>
			<Name>Volllinie</Name>
			<Index>1</Index>
			<RefId>1297306713</RefId>
		</Item>
	</AttrTable>
	<Favorite Name="BIM-all-doors Symbolik Anforderungen" Type="LabelDefault">
		<OdbObj Mv="8" Sv="3">
			<OdbRef>
				<guid>CD1EBB39-AD21-4B55-8083-8EBAD45D98C5</guid>
			</OdbRef>
			<CreaTime>45239551</CreaTime>
			<ModiTime>45244473</ModiTime>
		</OdbObj>
		<Name>BIM-all-doors Symbolik Anforderungen</Name>
		<Ind>157</Ind>
		<Flags>0</Flags>
		<ModiTime>0</ModiTime>
		<Version>0</Version>
		<PlatformSign>22359</PlatformSign>
		<TypeId>1279345228</TypeId>
		<SubTypeSignature>0</SubTypeSignature>
		<LabelDefault Mv="4" Sv="2">
			<DocumentationElementDefault Mv="4" Sv="2">
				<VBElementDefault Mv="4" Sv="2">
					<DefaultElem>
						<CategoryInfo Mv="1" Sv="0">
							<CategoryInfoIdListSize>0</CategoryInfoIdListSize>
						</CategoryInfo>
						<AddOnDataArray Size="0"/>
						<PropertyDataProxy/>
					</DefaultElem>
				</VBElementDefault>
			</DocumentationElementDefault>
			<ContentType>3</ContentType>
			<Dummy>false</Dummy>
			<Dummy>false</Dummy>
			<LeaderLineAttributes>
				<ArrowForm>26</ArrowForm>
				<ArrowSize>2</ArrowSize>
				<ArrowPen>1</ArrowPen>
				<LinePen>1</LinePen>
				<LineType>1</LineType>
				<Shape>0</Shape>
				<HideArrow>false</HideArrow>
				<HideArrowScale>1000</HideArrowScale>
				<AnchorPoint>2</AnchorPoint>
			</LeaderLineAttributes>
			<Framed>false</Framed>
			<TextDirection>3</TextDirection>
			<Angle>0</Angle>
			<HasLeaderLine>0</HasLeaderLine>
			<ContentText>von Raum &lt;PROPERTY-FDC5280E-89D8-488F-A9CB-0F1AEAFB2C31&gt; zu Raum &lt;PROPERTY-4E18FA59-DC6E-49F4-BA59-EAAABB3245BF&gt;
ID : &lt;PROPERTY-7E221F33-829B-4FBC-A670-E74DABCE6289&gt;
Türobjekt: "&lt;PROPERTY-B8CFC590-58A3-43CF-A159-1B23BD3E8596&gt;"</ContentText>
			<WordDefault Mv="4" Sv="0">
				<DocumentationElementDefault Mv="4" Sv="0">
					<VBElementDefault Mv="4" Sv="0">
						<DefaultElem>
							<CategoryInfo Mv="1" Sv="0">
								<CategoryInfoIdListSize>0</CategoryInfoIdListSize>
							</CategoryInfo>
							<AddOnDataArray Size="0"/>
							<PropertyData/>
						</DefaultElem>
					</VBElementDefault>
				</DocumentationElementDefault>
				<WordPen>1</WordPen>
				<WordLayer>18</WordLayer>
				<WordCenter>1</WordCenter>
				<WordSize>2.5</WordSize>
				<WordSpac>-1</WordSpac>
				<WordAngle>0</WordAngle>
				<WordFace>0</WordFace>
				<FontFamily>
					<FontName>Arial Narrow Westlich</FontName>
				</FontFamily>
				<WordJust>0</WordJust>
				<Effects>0</Effects>
				<WidthFactor>1</WidthFactor>
				<CharSpaceFactor>1</CharSpaceFactor>
				<FixedSize>true</FixedSize>
				<UseContour>false</UseContour>
				<UseFill>false</UseFill>
				<ContourPen>1</ContourPen>
				<FillPen>91</FillPen>
				<CountourOffset>1</CountourOffset>
				<UsedFixedAngle>false</UsedFixedAngle>
				<NonBreaking>true</NonBreaking>
			</WordDefault>
			<SymbDefault>
				<GDLObjectDefault Mv="3" Sv="0">
					<GDLBasedElemDefault Mv="3" Sv="0">
						<ModelElementDefault Mv="3" Sv="0">
							<VBElementDefault Mv="3" Sv="0">
								<DefaultElem>
									<CategoryInfo Mv="1" Sv="0">
										<CategoryInfoIdListSize>0</CategoryInfoIdListSize>
									</CategoryInfo>
									<AddOnDataArray Size="0"/>
									<PropertyData/>
								</DefaultElem>
							</VBElementDefault>
						</ModelElementDefault>
						<MainPen>1</MainPen>
						<Material>0</Material>
						<OnePen>false</OnePen>
						<InfoString/>
						<LibPartId Mv="1" Sv="0">
							<Name>BIM-all-doors Label.gsm</Name>
							<MainGuid>59210C60-5D12-43AD-8146-315602F2A87F</MainGuid>
							<UnId>C1929FAC-016B-4855-8BF0-635D8A2135A8</UnId>
						</LibPartId>
						<MainGuid>BDB8C3EE-4019-46C8-91D0-7A8DE0A5EC6D</MainGuid>
						<CreatorToolUnID>3DC76D1D-F41B-4FE1-86A5-67408B566A1D</CreatorToolUnID>
						<UserGDLParamList Mv="1" Sv="0">
							<Location>AddPars\Favorite - LabelDefault - BIM-all-doors Symbolik Anforderungen - BIM-all-doors Label.gsm.xml</Location>
						</UserGDLParamList>
					</GDLBasedElemDefault>
					<Layer>18</Layer>
					<Reflected>false</Reflected>
					<Angle>0</Angle>
					<Level>0</Level>
					<XRatioOrSize>0.2</XRatioOrSize>
					<YRatioOrSize>0.2</YRatioOrSize>
					<OffsetX>0</OffsetX>
					<OffsetY>0</OffsetY>
					<LightIsOn>false</LightIsOn>
					<LightRGBColorRed>0</LightRGBColorRed>
					<LightRGBColorGreen>0</LightRGBColorGreen>
					<LightRGBColorBlue>0</LightRGBColorBlue>
					<ShowContour>
						<HomeStory>true</HomeStory>
						<AllBelow>false</AllBelow>
						<AllAbove>false</AllAbove>
						<RelativeBelow>0</RelativeBelow>
						<RelativeAbove>0</RelativeAbove>
					</ShowContour>
					<AutoOnStoryVisibility>false</AutoOnStoryVisibility>
					<FixPoint>0</FixPoint>
					<PropAssType>0</PropAssType>
					<UseXYFixSize>true</UseXYFixSize>
					<ContourPen>1</ContourPen>
					<FillPen>1</FillPen>
					<BackgroundPen>1</BackgroundPen>
					<Fill>0</Fill>
					<LineType>1</LineType>
					<UseLineType>false</UseLineType>
					<UseMaterial>false</UseMaterial>
					<UseSectionAttributes>false</UseSectionAttributes>
					<GravityPar>0</GravityPar>
					<HomeStory>0</HomeStory>
					<DimensionsChained>false</DimensionsChained>
				</GDLObjectDefault>
			</SymbDefault>
			<Layer>18</Layer>
			<Angle2Fixed>false</Angle2Fixed>
			<LeaderLineStartAngle>0.785398163397448</LeaderLineStartAngle>
			<LeaderLineStartAngleFixed>false</LeaderLineStartAngleFixed>
			<SquareRootAngle>1.0471975511966</SquareRootAngle>
			<HideWithBaseElem>true</HideWithBaseElem>
			<BaseElemInfoStringType>0</BaseElemInfoStringType>
		</LabelDefault>
		<HasNoteDef>true</HasNoteDef>
		<NoteDefault Mv="5" Sv="6">
			<DocumentationElementDefault Mv="5" Sv="6">
				<VBElementDefault Mv="5" Sv="6">
					<DefaultElem>
						<CategoryInfo Mv="1" Sv="0">
							<CategoryInfoIdListSize>0</CategoryInfoIdListSize>
						</CategoryInfo>
						<AddOnDataArray Size="0"/>
						<PropertyDataProxy/>
					</DefaultElem>
				</VBElementDefault>
			</DocumentationElementDefault>
			<NotePen>1</NotePen>
			<FontFamily>
				<FontName>Arial Unicode MS Westlich</FontName>
			</FontFamily>
			<NoteSize>0</NoteSize>
			<NoteAngle>0</NoteAngle>
			<NoteStyle>0</NoteStyle>
			<RowAnchor>0</RowAnchor>
			<Alignment>1</Alignment>
			<NoteUseContour>false</NoteUseContour>
			<NoteUseFill>false</NoteUseFill>
			<NoteContourPen>1</NoteContourPen>
			<NoteFillPen>-1</NoteFillPen>
			<HasLeaderLine>false</HasLeaderLine>
			<LeaderLineStartAngle>1.0471975511966</LeaderLineStartAngle>
			<LeaderLineStartAngleFixed>false</LeaderLineStartAngleFixed>
			<LeaderLineAttributes>
				<ArrowForm>26</ArrowForm>
				<ArrowSize>2</ArrowSize>
				<ArrowPen>1</ArrowPen>
				<LinePen>1</LinePen>
				<LineType>1</LineType>
				<Shape>0</Shape>
				<HideArrow>false</HideArrow>
				<HideArrowScale>1000</HideArrowScale>
				<AnchorPoint>1</AnchorPoint>
			</LeaderLineAttributes>
			<Readable>true</Readable>
		</NoteDefault>
		<HasReferenceStory>false</HasReferenceStory>
		<Folder>00000000-0000-0000-0000-000000000000</Folder>
		<Guid>00000000-0000-0000-0000-000000000000</Guid>
	</Favorite>
	<Folder Name="Fenster+Türen">
		<Folder Name="BIM-all-doors"/>
	</Folder>
</Favorites>
