﻿<?xml version="1.0" encoding="UTF-8"?>
<AddPar Index="0" Name="Favorite - LabelDefault - Türeigenschaften (IFC) - Klassifizierungs- und Eigenschaften-Etikett 22.gsm" UNID="{4B01A352-DC74-4869-8E32-FA1B89959EFF}-{ED5B5980-60A3-41AB-A757-92739EA34BAE}">
	
<Parameters>
		<Length Name="A">
			<Description><![CDATA[""]]></Description>
			<Value>1</Value>
		</Length>
		<Length Name="B">
			<Description><![CDATA[""]]></Description>
			<Value>1</Value>
		</Length>
		<Boolean Name="AC_CustomReadability">
			<Description><![CDATA[""]]></Description>
			<Flags>
				<ParFlg_Hidden/>
			</Flags>
			<Value>1</Value>
		</Boolean>
		<Integer Name="AC_LabelOrientation">
			<Description><![CDATA[""]]></Description>
			<Flags>
				<ParFlg_Hidden/>
			</Flags>
			<Value>4</Value>
		</Integer>
		<String Name="AC_TextFont_1">
			<Description><![CDATA[""]]></Description>
			<Value><![CDATA["Arial Westlich"]]></Value>
		</String>
		<RealNum Name="AC_TextSize_1">
			<Description><![CDATA[""]]></Description>
			<Value>2.5</Value>
		</RealNum>
		<Integer Name="AC_TextStyle_1">
			<Description><![CDATA[""]]></Description>
			<Value>1</Value>
		</Integer>
		<Integer Name="AC_TextAlignment_1">
			<Description><![CDATA[""]]></Description>
			<Value>1</Value>
		</Integer>
		<RealNum Name="AC_TextLeading_1">
			<Description><![CDATA[""]]></Description>
			<Value>1</Value>
		</RealNum>
		<RealNum Name="AC_TextCharWidthFactor_1">
			<Description><![CDATA[""]]></Description>
			<Value>1</Value>
		</RealNum>
		<RealNum Name="AC_TextCharSpaceFactor_1">
			<Description><![CDATA[""]]></Description>
			<Value>1</Value>
		</RealNum>
		<PenColor Name="AC_TextPen_1">
			<Description><![CDATA[""]]></Description>
			<Value>1</Value>
		</PenColor>
		<Boolean Name="AC_bLabelAlwaysReadable">
			<Description><![CDATA[""]]></Description>
			<Value>1</Value>
		</Boolean>
		<Boolean Name="AC_bLabelTextWrap">
			<Description><![CDATA[""]]></Description>
			<Value>1</Value>
		</Boolean>
		<Boolean Name="AC_bLabelOpaqueFill">
			<Description><![CDATA[""]]></Description>
			<Value>0</Value>
		</Boolean>
		<PenColor Name="AC_LabelTextBgrPen">
			<Description><![CDATA[""]]></Description>
			<Value>91</Value>
		</PenColor>
		<Boolean Name="AC_bLabelFrame">
			<Description><![CDATA[""]]></Description>
			<Value>0</Value>
		</Boolean>
		<Length Name="AC_LabelFrameOffset">
			<Description><![CDATA[""]]></Description>
			<Value>1</Value>
		</Length>
		<PenColor Name="AC_LabelPointerPen">
			<Description><![CDATA[""]]></Description>
			<Value>1</Value>
		</PenColor>
		<LineType Name="AC_LabelPointerLineType">
			<Description><![CDATA[""]]></Description>
			<Value>1</Value>
		</LineType>
		<Integer Name="AC_LabelPointerConnection">
			<Description><![CDATA[""]]></Description>
			<Value>1</Value>
		</Integer>
		<Integer Name="iTnCSelectParams">
			<Description><![CDATA[""]]></Description>
			<Value>1</Value>
		</Integer>
		<Integer Name="iTncDisplayData">
			<Description><![CDATA[""]]></Description>
			<Value>1</Value>
		</Integer>
		<String Name="sIDRow1">
			<Description><![CDATA[""]]></Description>
			<Flags>
				<ParFlg_BoldName/>
				<ParFlg_Hidden/>
			</Flags>
			<Value><![CDATA["IFC.PSet.Pset_DoorCommon.bimalldoorsID"]]></Value>
		</String>
		<Integer Name="iRow1CustomName">
			<Description><![CDATA[""]]></Description>
			<Value>2</Value>
		</Integer>
		<String Name="sRow1CustomNameValue">
			<Description><![CDATA[""]]></Description>
			<Value><![CDATA["Türnummer"]]></Value>
		</String>
		<String Name="sIDRow2">
			<Description><![CDATA[""]]></Description>
			<Flags>
				<ParFlg_BoldName/>
				<ParFlg_Hidden/>
			</Flags>
			<Value><![CDATA["IFC.PSet.Pset_DoorCommon.FireRating"]]></Value>
		</String>
		<Integer Name="iRow2CustomName">
			<Description><![CDATA[""]]></Description>
			<Value>2</Value>
		</Integer>
		<String Name="sRow2CustomNameValue">
			<Description><![CDATA[""]]></Description>
			<Value><![CDATA["Brandschutz"]]></Value>
		</String>
		<String Name="sIDRow3">
			<Description><![CDATA[""]]></Description>
			<Flags>
				<ParFlg_BoldName/>
				<ParFlg_Hidden/>
			</Flags>
			<Value><![CDATA[""]]></Value>
		</String>
		<Integer Name="iRow3CustomName">
			<Description><![CDATA[""]]></Description>
			<Value>2</Value>
		</Integer>
		<String Name="sRow3CustomNameValue">
			<Description><![CDATA[""]]></Description>
			<Value><![CDATA["Schallschutz"]]></Value>
		</String>
		<String Name="sIDRow4">
			<Description><![CDATA[""]]></Description>
			<Flags>
				<ParFlg_BoldName/>
				<ParFlg_Hidden/>
			</Flags>
			<Value><![CDATA[""]]></Value>
		</String>
		<Integer Name="iRow4CustomName">
			<Description><![CDATA[""]]></Description>
			<Value>1</Value>
		</Integer>
		<String Name="sRow4CustomNameValue">
			<Description><![CDATA[""]]></Description>
			<Value><![CDATA["Name"]]></Value>
		</String>
		<String Name="sIDRow5">
			<Description><![CDATA[""]]></Description>
			<Flags>
				<ParFlg_BoldName/>
				<ParFlg_Hidden/>
			</Flags>
			<Value><![CDATA[""]]></Value>
		</String>
		<Integer Name="iRow5CustomName">
			<Description><![CDATA[""]]></Description>
			<Value>1</Value>
		</Integer>
		<String Name="sRow5CustomNameValue">
			<Description><![CDATA[""]]></Description>
			<Value><![CDATA["Name"]]></Value>
		</String>
		<String Name="sIDRow6">
			<Description><![CDATA[""]]></Description>
			<Flags>
				<ParFlg_BoldName/>
				<ParFlg_Hidden/>
			</Flags>
			<Value><![CDATA[""]]></Value>
		</String>
		<Integer Name="iRow6CustomName">
			<Description><![CDATA[""]]></Description>
			<Value>1</Value>
		</Integer>
		<String Name="sRow6CustomNameValue">
			<Description><![CDATA[""]]></Description>
			<Value><![CDATA["Name"]]></Value>
		</String>
		<String Name="sIDRow7">
			<Description><![CDATA[""]]></Description>
			<Flags>
				<ParFlg_BoldName/>
				<ParFlg_Hidden/>
			</Flags>
			<Value><![CDATA[""]]></Value>
		</String>
		<Integer Name="iRow7CustomName">
			<Description><![CDATA[""]]></Description>
			<Value>1</Value>
		</Integer>
		<String Name="sRow7CustomNameValue">
			<Description><![CDATA[""]]></Description>
			<Value><![CDATA["Name"]]></Value>
		</String>
		<String Name="sIDRow8">
			<Description><![CDATA[""]]></Description>
			<Flags>
				<ParFlg_BoldName/>
				<ParFlg_Hidden/>
			</Flags>
			<Value><![CDATA[""]]></Value>
		</String>
		<Integer Name="iRow8CustomName">
			<Description><![CDATA[""]]></Description>
			<Value>1</Value>
		</Integer>
		<String Name="sRow8CustomNameValue">
			<Description><![CDATA[""]]></Description>
			<Value><![CDATA["Name"]]></Value>
		</String>
		<String Name="sIDRow9">
			<Description><![CDATA[""]]></Description>
			<Flags>
				<ParFlg_BoldName/>
				<ParFlg_Hidden/>
			</Flags>
			<Value><![CDATA[""]]></Value>
		</String>
		<Integer Name="iRow9CustomName">
			<Description><![CDATA[""]]></Description>
			<Value>1</Value>
		</Integer>
		<String Name="sRow9CustomNameValue">
			<Description><![CDATA[""]]></Description>
			<Value><![CDATA["Name"]]></Value>
		</String>
		<String Name="sIDRow10">
			<Description><![CDATA[""]]></Description>
			<Flags>
				<ParFlg_BoldName/>
				<ParFlg_Hidden/>
			</Flags>
			<Value><![CDATA[""]]></Value>
		</String>
		<Integer Name="iRow10CustomName">
			<Description><![CDATA[""]]></Description>
			<Value>1</Value>
		</Integer>
		<String Name="sRow10CustomNameValue">
			<Description><![CDATA[""]]></Description>
			<Value><![CDATA["Name"]]></Value>
		</String>
		<String Name="sIDRow11">
			<Description><![CDATA[""]]></Description>
			<Flags>
				<ParFlg_BoldName/>
				<ParFlg_Hidden/>
			</Flags>
			<Value><![CDATA[""]]></Value>
		</String>
		<Integer Name="iRow11CustomName">
			<Description><![CDATA[""]]></Description>
			<Value>1</Value>
		</Integer>
		<String Name="sRow11CustomNameValue">
			<Description><![CDATA[""]]></Description>
			<Value><![CDATA["Name"]]></Value>
		</String>
		<String Name="sIDRow12">
			<Description><![CDATA[""]]></Description>
			<Flags>
				<ParFlg_BoldName/>
				<ParFlg_Hidden/>
			</Flags>
			<Value><![CDATA[""]]></Value>
		</String>
		<Integer Name="iRow12CustomName">
			<Description><![CDATA[""]]></Description>
			<Value>1</Value>
		</Integer>
		<String Name="sRow12CustomNameValue">
			<Description><![CDATA[""]]></Description>
			<Value><![CDATA["Name"]]></Value>
		</String>
		<String Name="sIDRow13">
			<Description><![CDATA[""]]></Description>
			<Flags>
				<ParFlg_BoldName/>
				<ParFlg_Hidden/>
			</Flags>
			<Value><![CDATA[""]]></Value>
		</String>
		<Integer Name="iRow13CustomName">
			<Description><![CDATA[""]]></Description>
			<Value>1</Value>
		</Integer>
		<String Name="sRow13CustomNameValue">
			<Description><![CDATA[""]]></Description>
			<Value><![CDATA["Name"]]></Value>
		</String>
		<String Name="sIDRow14">
			<Description><![CDATA[""]]></Description>
			<Flags>
				<ParFlg_BoldName/>
				<ParFlg_Hidden/>
			</Flags>
			<Value><![CDATA[""]]></Value>
		</String>
		<Integer Name="iRow14CustomName">
			<Description><![CDATA[""]]></Description>
			<Value>1</Value>
		</Integer>
		<String Name="sRow14CustomNameValue">
			<Description><![CDATA[""]]></Description>
			<Value><![CDATA["Name"]]></Value>
		</String>
		<String Name="sIDRow15">
			<Description><![CDATA[""]]></Description>
			<Flags>
				<ParFlg_BoldName/>
				<ParFlg_Hidden/>
			</Flags>
			<Value><![CDATA[""]]></Value>
		</String>
		<Integer Name="iRow15CustomName">
			<Description><![CDATA[""]]></Description>
			<Value>1</Value>
		</Integer>
		<String Name="sRow15CustomNameValue">
			<Description><![CDATA[""]]></Description>
			<Value><![CDATA["Name"]]></Value>
		</String>
		<String Name="sIDRow16">
			<Description><![CDATA[""]]></Description>
			<Flags>
				<ParFlg_BoldName/>
				<ParFlg_Hidden/>
			</Flags>
			<Value><![CDATA[""]]></Value>
		</String>
		<Integer Name="iRow16CustomName">
			<Description><![CDATA[""]]></Description>
			<Value>1</Value>
		</Integer>
		<String Name="sRow16CustomNameValue">
			<Description><![CDATA[""]]></Description>
			<Value><![CDATA["Name"]]></Value>
		</String>
		<String Name="sIDRow17">
			<Description><![CDATA[""]]></Description>
			<Flags>
				<ParFlg_BoldName/>
				<ParFlg_Hidden/>
			</Flags>
			<Value><![CDATA[""]]></Value>
		</String>
		<Integer Name="iRow17CustomName">
			<Description><![CDATA[""]]></Description>
			<Value>1</Value>
		</Integer>
		<String Name="sRow17CustomNameValue">
			<Description><![CDATA[""]]></Description>
			<Value><![CDATA["Name"]]></Value>
		</String>
		<String Name="sIDRow18">
			<Description><![CDATA[""]]></Description>
			<Flags>
				<ParFlg_BoldName/>
				<ParFlg_Hidden/>
			</Flags>
			<Value><![CDATA[""]]></Value>
		</String>
		<Integer Name="iRow18CustomName">
			<Description><![CDATA[""]]></Description>
			<Value>1</Value>
		</Integer>
		<String Name="sRow18CustomNameValue">
			<Description><![CDATA[""]]></Description>
			<Value><![CDATA["Name"]]></Value>
		</String>
		<String Name="sIDRow19">
			<Description><![CDATA[""]]></Description>
			<Flags>
				<ParFlg_BoldName/>
				<ParFlg_Hidden/>
			</Flags>
			<Value><![CDATA[""]]></Value>
		</String>
		<Integer Name="iRow19CustomName">
			<Description><![CDATA[""]]></Description>
			<Value>1</Value>
		</Integer>
		<String Name="sRow19CustomNameValue">
			<Description><![CDATA[""]]></Description>
			<Value><![CDATA["Name"]]></Value>
		</String>
		<String Name="sIDRow20">
			<Description><![CDATA[""]]></Description>
			<Flags>
				<ParFlg_BoldName/>
				<ParFlg_Hidden/>
			</Flags>
			<Value><![CDATA[""]]></Value>
		</String>
		<Integer Name="iRow20CustomName">
			<Description><![CDATA[""]]></Description>
			<Value>1</Value>
		</Integer>
		<String Name="sRow20CustomNameValue">
			<Description><![CDATA[""]]></Description>
			<Value><![CDATA["Name"]]></Value>
		</String>

		<!-- title_general: PARAMETER BLOCK ===== PARAMETER BLOCK ===== PARAMETER BLOCK ===== PARAMETER BLOCK -->

		<Title Name="title_general">
			<Description><![CDATA[""]]></Description>
		</Title>
		<Integer Name="iReferencePoint">
			<Description><![CDATA[""]]></Description>
			<Flags>
				<ParFlg_Child/>
			</Flags>
			<Value>1</Value>
		</Integer>
		<Integer Name="iFrameStyle">
			<Description><![CDATA[""]]></Description>
			<Flags>
				<ParFlg_Child/>
			</Flags>
			<Value>4</Value>
		</Integer>
		<RealNum Name="widthTextBoxPrefix_mm">
			<Description><![CDATA[""]]></Description>
			<Flags>
				<ParFlg_Child/>
			</Flags>
			<Value>25</Value>
		</RealNum>
		<RealNum Name="widthTextBoxPrefix_pt">
			<Description><![CDATA[""]]></Description>
			<Flags>
				<ParFlg_Child/>
			</Flags>
			<Value>70.8661417322835</Value>
		</RealNum>
		<RealNum Name="widthTextBoxContent_mm">
			<Description><![CDATA[""]]></Description>
			<Flags>
				<ParFlg_Child/>
			</Flags>
			<Value>20</Value>
		</RealNum>
		<RealNum Name="widthTextBoxContent_pt">
			<Description><![CDATA[""]]></Description>
			<Flags>
				<ParFlg_Child/>
			</Flags>
			<Value>56.6929133858268</Value>
		</RealNum>
		<Integer Name="gs_ui_current_page">
			<Description><![CDATA[""]]></Description>
			<Flags>
				<ParFlg_Hidden/>
			</Flags>
			<Value>1</Value>
		</Integer>
	
</Parameters>	
</AddPar>
