﻿<?xml version="1.0" encoding="UTF-8"?>
<AddPar Index="0" Name="Favorite - LabelDefault - BIM-all-doors Links_Rechts - BIM-all-doors Label.gsm" UNID="{59210C60-5D12-43AD-8146-315602F2A87F}-{1265A7E3-9CD6-4AE6-A86E-62EBB55BA5EF}">
	
<Parameters>
		<Length Name="A">
			<Description><![CDATA[""]]></Description>
			<Value>0.2</Value>
		</Length>
		<Length Name="B">
			<Description><![CDATA[""]]></Description>
			<Value>0.2</Value>
		</Length>
		<Integer Name="showWhat">
			<Description><![CDATA[""]]></Description>
			<Value>2</Value>
		</Integer>

		<!-- _sp0: PARAMETER BLOCK ===== PARAMETER BLOCK ===== PARAMETER BLOCK ===== PARAMETER BLOCK -->

		<Title Name="_sp0">
			<Description><![CDATA[""]]></Description>
		</Title>
		<String Name="Praefix1">
			<Description><![CDATA[""]]></Description>
			<Flags>
				<ParFlg_Child/>
			</Flags>
			<Value><![CDATA["("]]></Value>
		</String>
		<String Name="showParaName1">
			<Description><![CDATA[""]]></Description>
			<Flags>
				<ParFlg_Child/>
			</Flags>
			<Value><![CDATA["ac_OpeningSide"]]></Value>
		</String>
		<String Name="Suffix1">
			<Description><![CDATA[""]]></Description>
			<Flags>
				<ParFlg_Child/>
			</Flags>
			<Value><![CDATA[")"]]></Value>
		</String>

		<!-- _sp1: PARAMETER BLOCK ===== PARAMETER BLOCK ===== PARAMETER BLOCK ===== PARAMETER BLOCK -->

		<Title Name="_sp1">
			<Description><![CDATA[""]]></Description>
		</Title>
		<Boolean Name="showElectric">
			<Description><![CDATA[""]]></Description>
			<Flags>
				<ParFlg_Child/>
			</Flags>
			<Value>1</Value>
		</Boolean>
		<Boolean Name="showExternalButton">
			<Description><![CDATA[""]]></Description>
			<Flags>
				<ParFlg_Child/>
			</Flags>
			<Value>1</Value>
		</Boolean>
		<Boolean Name="showFireResistance">
			<Description><![CDATA[""]]></Description>
			<Flags>
				<ParFlg_Child/>
			</Flags>
			<Value>0</Value>
		</Boolean>
		<Boolean Name="showSmokeResistance">
			<Description><![CDATA[""]]></Description>
			<Flags>
				<ParFlg_Child/>
			</Flags>
			<Value>0</Value>
		</Boolean>
		<Boolean Name="showNoiseInsulaion">
			<Description><![CDATA[""]]></Description>
			<Flags>
				<ParFlg_Child/>
			</Flags>
			<Value>0</Value>
		</Boolean>
		<Boolean Name="showAccessibility">
			<Description><![CDATA[""]]></Description>
			<Flags>
				<ParFlg_Child/>
			</Flags>
			<Value>0</Value>
		</Boolean>
		<Boolean Name="showAdmissionControl">
			<Description><![CDATA[""]]></Description>
			<Flags>
				<ParFlg_Child/>
			</Flags>
			<Value>0</Value>
		</Boolean>
		<Boolean Name="showMoistureProofing">
			<Description><![CDATA[""]]></Description>
			<Flags>
				<ParFlg_Child/>
			</Flags>
			<Value>0</Value>
		</Boolean>
		<Boolean Name="showEscapeRoute">
			<Description><![CDATA[""]]></Description>
			<Flags>
				<ParFlg_Child/>
			</Flags>
			<Value>0</Value>
		</Boolean>

		<!-- _sp2: PARAMETER BLOCK ===== PARAMETER BLOCK ===== PARAMETER BLOCK ===== PARAMETER BLOCK -->

		<Title Name="_sp2">
			<Description><![CDATA[""]]></Description>
		</Title>
		<PenColor Name="gs_cont_pen">
			<Description><![CDATA[""]]></Description>
			<Flags>
				<ParFlg_Child/>
			</Flags>
			<Value>1</Value>
		</PenColor>
		<FillPattern Name="gs_fill_type">
			<Description><![CDATA[""]]></Description>
			<Flags>
				<ParFlg_Child/>
			</Flags>
			<Value>64</Value>
		</FillPattern>
		<PenColor Name="gs_fill_pen_yellow">
			<Description><![CDATA[""]]></Description>
			<Flags>
				<ParFlg_Child/>
			</Flags>
			<Value>12</Value>
		</PenColor>
		<PenColor Name="gs_fill_pen_red">
			<Description><![CDATA[""]]></Description>
			<Flags>
				<ParFlg_Child/>
			</Flags>
			<Value>11</Value>
		</PenColor>
		<PenColor Name="gs_fill_pen_blue">
			<Description><![CDATA[""]]></Description>
			<Flags>
				<ParFlg_Child/>
			</Flags>
			<Value>16</Value>
		</PenColor>
		<PenColor Name="gs_fill_pen_green">
			<Description><![CDATA[""]]></Description>
			<Flags>
				<ParFlg_Child/>
			</Flags>
			<Value>13</Value>
		</PenColor>
		<PenColor Name="gs_fill_pen_grey">
			<Description><![CDATA[""]]></Description>
			<Flags>
				<ParFlg_Child/>
			</Flags>
			<Value>94</Value>
		</PenColor>
		<PenColor Name="gs_fill_pen_white">
			<Description><![CDATA[""]]></Description>
			<Flags>
				<ParFlg_Child/>
			</Flags>
			<Value>19</Value>
		</PenColor>
		<PenColor Name="gs_bkg_pen">
			<Description><![CDATA[""]]></Description>
			<Flags>
				<ParFlg_Child/>
			</Flags>
			<Value>0</Value>
		</PenColor>
		<Boolean Name="AC_CustomReadability">
			<Description><![CDATA[""]]></Description>
			<Flags>
				<ParFlg_Hidden/>
			</Flags>
			<Value>0</Value>
		</Boolean>
		<Integer Name="AC_LabelOrientation">
			<Description><![CDATA[""]]></Description>
			<Value>1</Value>
		</Integer>
		<String Name="AC_TextFont_1">
			<Description><![CDATA[""]]></Description>
			<Value><![CDATA["Arial"]]></Value>
		</String>
		<RealNum Name="AC_TextSize_1">
			<Description><![CDATA[""]]></Description>
			<Value>3</Value>
		</RealNum>
		<Integer Name="AC_TextStyle_1">
			<Description><![CDATA[""]]></Description>
			<Value>0</Value>
		</Integer>
		<Integer Name="AC_TextAlignment_1">
			<Description><![CDATA[""]]></Description>
			<Value>1</Value>
		</Integer>
		<RealNum Name="AC_TextLeading_1">
			<Description><![CDATA[""]]></Description>
			<Value>1</Value>
		</RealNum>
		<RealNum Name="AC_TextCharWidthFactor_1">
			<Description><![CDATA[""]]></Description>
			<Value>1</Value>
		</RealNum>
		<RealNum Name="AC_TextCharSpaceFactor_1">
			<Description><![CDATA[""]]></Description>
			<Value>1</Value>
		</RealNum>
		<PenColor Name="AC_TextPen_1">
			<Description><![CDATA[""]]></Description>
			<Value>46</Value>
		</PenColor>
		<Boolean Name="AC_bLabelAlwaysReadable">
			<Description><![CDATA[""]]></Description>
			<Value>1</Value>
		</Boolean>
		<Boolean Name="AC_bLabelTextWrap">
			<Description><![CDATA[""]]></Description>
			<Value>0</Value>
		</Boolean>
		<Boolean Name="AC_bLabelOpaqueFill">
			<Description><![CDATA[""]]></Description>
			<Value>0</Value>
		</Boolean>
		<PenColor Name="AC_LabelTextBgrPen">
			<Description><![CDATA[""]]></Description>
			<Value>-1</Value>
		</PenColor>
		<Boolean Name="AC_bLabelFrame">
			<Description><![CDATA[""]]></Description>
			<Value>0</Value>
		</Boolean>
		<Length Name="AC_LabelFrameOffset">
			<Description><![CDATA[""]]></Description>
			<Value>0</Value>
		</Length>
		<PenColor Name="AC_LabelPointerPen">
			<Description><![CDATA[""]]></Description>
			<Value>85</Value>
		</PenColor>
		<LineType Name="AC_LabelPointerLineType">
			<Description><![CDATA[""]]></Description>
			<Value>1</Value>
		</LineType>
		<Integer Name="AC_LabelPointerConnection">
			<Description><![CDATA[""]]></Description>
			<Value>0</Value>
		</Integer>
	
</Parameters>	
</AddPar>
