<?xml version="1.0" encoding="UTF-8" standalone="no" ?>
<Favorites>
	<AttrTable>
		<ActPlatformSign>22359</ActPlatformSign>
		<Version>200</Version>
		<ItemNum>5</ItemNum>
		<Item>
			<Name>Etiketten</Name>
			<Index>18</Index>
			<RefId>1279479602</RefId>
		</Item>
		<Item>
			<Name>Etiketten</Name>
			<Index>18</Index>
			<RefId>1279479602</RefId>
		</Item>
		<Item>
			<Name>Volllinie</Name>
			<Index>1</Index>
			<RefId>1297306713</RefId>
		</Item>
		<Item>
			<Name>Etiketten</Name>
			<Index>18</Index>
			<RefId>1279479602</RefId>
		</Item>
		<Item>
			<Name>Volllinie</Name>
			<Index>1</Index>
			<RefId>1297306713</RefId>
		</Item>
	</AttrTable>
	<Favorite Type="LabelDefault">
		<OdbObj Mv="8" Sv="4">
			<OdbRef>
				<guid>98E34C4C-5E23-40C1-A045-DCA423E720B6</guid>
			</OdbRef>
			<CreaTime>57397890</CreaTime>
			<ModiTime>57566209</ModiTime>
		</OdbObj>
		<Name>BIM-all-doors Links/Rechts</Name>
		<Ind>160</Ind>
		<Flags>0</Flags>
		<ModiTime>0</ModiTime>
		<Version>0</Version>
		<PlatformSign>22359</PlatformSign>
		<TypeId>1279345228</TypeId>
		<SubTypeSignature>0</SubTypeSignature>
		<LabelDefault Mv="7" Sv="0">
			<DocumentationElementDefault Mv="7" Sv="0">
				<VBElementDefault Mv="7" Sv="0">
					<DefaultElem>
						<CategoryInfo Mv="1" Sv="0">
							<CategoryInfoIdListSize>0</CategoryInfoIdListSize>
						</CategoryInfo>
						<AddOnDataArray Size="0"/>
						<PropertyDataProxy/>
						<ClassificationItemSet/>
					</DefaultElem>
				</VBElementDefault>
			</DocumentationElementDefault>
			<ContentType>3</ContentType>
			<Dummy>false</Dummy>
			<Dummy>false</Dummy>
			<LeaderLineAttributes>
				<ArrowForm>26</ArrowForm>
				<ArrowSize>2</ArrowSize>
				<ArrowPen>1</ArrowPen>
				<LinePen>1</LinePen>
				<LineType>1</LineType>
				<Shape>0</Shape>
				<HideArrow>false</HideArrow>
				<HideArrowScale>1000</HideArrowScale>
				<Vertical>Top</Vertical>
				<Reference>FirstRow</Reference>
				<Underline>false</Underline>
			</LeaderLineAttributes>
			<Framed>false</Framed>
			<WordTextDirection>3</WordTextDirection>
			<SymbTextDirection>3</SymbTextDirection>
			<WordAngle>0</WordAngle>
			<SymbAngle>0</SymbAngle>
			<WordHasLeaderLine>true</WordHasLeaderLine>
			<SymbHasLeaderLine>false</SymbHasLeaderLine>
			<RichText>
				<RotAngle>0</RotAngle>
				<WidthFactor>1</WidthFactor>
				<CharSpaceFactor>1</CharSpaceFactor>
				<IsFixed>true</IsFixed>
				<CharCode>4</CharCode>
				<Content/>
				<NParagraph>1</NParagraph>
				<RichText>
					<From>0</From>
					<Range>0</Range>
					<Justification>0</Justification>
					<FirstIndentInModelUnit>0</FirstIndentInModelUnit>
					<IndentInModelUnit>0</IndentInModelUnit>
					<RightIndentInModelUnit>0</RightIndentInModelUnit>
					<LineSpacingInModelUnit>-1</LineSpacingInModelUnit>
					<NEOLPosition>1</NEOLPosition>
					<EolPositions>0</EolPositions>
					<NRuns>1</NRuns>
					<Run>
						<From>0</From>
						<Range>0</Range>
						<CharStyle>
							<Effects>0</Effects>
							<Font>
								<Style>1</Style>
								<FontFamily>
									<FontFamilyInfo>
										<LocalName>Arial</LocalName>
										<EnglishFullName/>
										<EnglishFamilyName>Arial</EnglishFamilyName>
										<MacID>0</MacID>
										<CharCode>11</CharCode>
										<CharCode>21</CharCode>
										<CharCode>22</CharCode>
										<CharCode>15</CharCode>
										<CharCode>16</CharCode>
										<CharCode>13</CharCode>
										<CharCode>12</CharCode>
										<CharCode>14</CharCode>
									</FontFamilyInfo>
								</FontFamily>
								<SizeinModelUnit>2.5</SizeinModelUnit>
							</Font>
							<PenId>1</PenId>
						</CharStyle>
					</Run>
					<NTabs>0</NTabs>
					<NLineWidthsInModelUnits>1</NLineWidthsInModelUnits>
					<LineWidthsInModelUnit>0</LineWidthsInModelUnit>
				</RichText>
				<DefaultTabScaleDown>1</DefaultTabScaleDown>
			</RichText>
			<WordDefault Mv="5" Sv="1">
				<DocumentationElementDefault Mv="5" Sv="1">
					<VBElementDefault Mv="5" Sv="1">
						<DefaultElem>
							<CategoryInfo Mv="1" Sv="0">
								<CategoryInfoIdListSize>0</CategoryInfoIdListSize>
							</CategoryInfo>
							<AddOnDataArray Size="0"/>
							<PropertyData/>
							<ClassificationItemSet/>
						</DefaultElem>
					</VBElementDefault>
				</DocumentationElementDefault>
				<WordPen>1</WordPen>
				<WordLayer>18</WordLayer>
				<Vertical>Top</Vertical>
				<Reference>TextBox</Reference>
				<Horizontal>Left</Horizontal>
				<WordSize>2.5</WordSize>
				<WordSpac>-1</WordSpac>
				<WordAngle>0</WordAngle>
				<WordFace>1</WordFace>
				<FontFamily>
					<FontName>Arial Westlich</FontName>
				</FontFamily>
				<WordJust>0</WordJust>
				<Effects>0</Effects>
				<WidthFactor>1</WidthFactor>
				<CharSpaceFactor>1</CharSpaceFactor>
				<FixedSize>true</FixedSize>
				<UseContour>false</UseContour>
				<UseFill>false</UseFill>
				<ContourPen>1</ContourPen>
				<FillPen>91</FillPen>
				<CountourOffset>1</CountourOffset>
				<UsedFixedAngle>false</UsedFixedAngle>
				<NonBreaking>false</NonBreaking>
			</WordDefault>
			<SymbDefault>
				<GDLObjectDefault Mv="3" Sv="0">
					<GDLBasedElemDefault Mv="3" Sv="0">
						<ModelElementDefault Mv="3" Sv="0">
							<VBElementDefault Mv="3" Sv="0">
								<DefaultElem>
									<CategoryInfo Mv="1" Sv="0">
										<CategoryInfoIdListSize>0</CategoryInfoIdListSize>
									</CategoryInfo>
									<AddOnDataArray Size="0"/>
									<PropertyData/>
									<ClassificationItemSet/>
								</DefaultElem>
							</VBElementDefault>
						</ModelElementDefault>
						<MainPen>1</MainPen>
						<Material>0</Material>
						<OnePen>false</OnePen>
						<InfoString/>
						<LibPartId Mv="1" Sv="0">
							<Name>BIM-all-doors Label.gsm</Name>
							<MainGuid>59210C60-5D12-43AD-8146-315602F2A87F</MainGuid>
							<UnId>1265A7E3-9CD6-4AE6-A86E-62EBB55BA5EF</UnId>
						</LibPartId>
						<MainGuid>BDB8C3EE-4019-46C8-91D0-7A8DE0A5EC6D</MainGuid>
						<CreatorToolUnID>3DC76D1D-F41B-4FE1-86A5-67408B566A1D</CreatorToolUnID>
						<UserGDLParamList Mv="1" Sv="0">
							<Location>AddPars\Favorite - LabelDefault - BIM-all-doors Links_Rechts - BIM-all-doors Label.gsm.xml</Location>
						</UserGDLParamList>
					</GDLBasedElemDefault>
					<Layer>18</Layer>
					<Reflected>false</Reflected>
					<Angle>0</Angle>
					<Level>0</Level>
					<XRatioOrSize>0.2</XRatioOrSize>
					<YRatioOrSize>0.2</YRatioOrSize>
					<OffsetX>0</OffsetX>
					<OffsetY>0</OffsetY>
					<LightIsOn>false</LightIsOn>
					<LightRGBColorRed>0</LightRGBColorRed>
					<LightRGBColorGreen>0</LightRGBColorGreen>
					<LightRGBColorBlue>0</LightRGBColorBlue>
					<ShowContour>
						<HomeStory>true</HomeStory>
						<AllBelow>false</AllBelow>
						<AllAbove>false</AllAbove>
						<RelativeBelow>0</RelativeBelow>
						<RelativeAbove>0</RelativeAbove>
					</ShowContour>
					<AutoOnStoryVisibility>false</AutoOnStoryVisibility>
					<FixPoint>0</FixPoint>
					<PropAssType>0</PropAssType>
					<UseXYFixSize>true</UseXYFixSize>
					<ContourPen>1</ContourPen>
					<FillPen>1</FillPen>
					<BackgroundPen>1</BackgroundPen>
					<Fill>0</Fill>
					<LineType>1</LineType>
					<UseLineType>false</UseLineType>
					<UseMaterial>false</UseMaterial>
					<UseSectionAttributes>false</UseSectionAttributes>
					<GravityPar>0</GravityPar>
					<HomeStory>0</HomeStory>
					<DimensionsChained>false</DimensionsChained>
				</GDLObjectDefault>
			</SymbDefault>
			<Layer>18</Layer>
			<WordAngle2Fixed>false</WordAngle2Fixed>
			<SymbAngle2Fixed>false</SymbAngle2Fixed>
			<LeaderLineStartAngle>0.785398163397451</LeaderLineStartAngle>
			<LeaderLineStartAngleFixed>false</LeaderLineStartAngleFixed>
			<SquareRootAngle>1.0471975511966</SquareRootAngle>
			<HideWithBaseElem>false</HideWithBaseElem>
		</LabelDefault>
		<HasNoteDef>false</HasNoteDef>
		<HasReferenceStory>false</HasReferenceStory>
		<Folder>00000000-0000-0000-0000-000000000000</Folder>
		<Guid>00000000-0000-0000-0000-000000000000</Guid>
	</Favorite>
	<Folder Name="Fenster+Türen">
		<Folder Name="BIM-all-doors"/>
	</Folder>
</Favorites>
