<?xml version="1.0" encoding="UTF-8" standalone="no" ?>
<Favorites>
	<AttrTable>
		<ActPlatformSign>22359</ActPlatformSign>
		<Version>200</Version>
		<ItemNum>7</ItemNum>
		<Item>
			<Name>Naturstein Granit, grau</Name>
			<Index>8</Index>
			<RefId>1296127026</RefId>
		</Item>
		<Item>
			<Name>Misch-Schraffur 0%</Name>
			<Index>132</Index>
			<RefId>1279351090</RefId>
		</Item>
		<Item>
			<Name>Volllinie</Name>
			<Index>1</Index>
			<RefId>1297306713</RefId>
		</Item>
		<Item>
			<Name>Volllinie</Name>
			<Index>1</Index>
			<RefId>1297306713</RefId>
		</Item>
		<Item>
			<Name>Volllinie</Name>
			<Index>1</Index>
			<RefId>1297306713</RefId>
		</Item>
		<Item>
			<Name>Volllinie</Name>
			<Index>1</Index>
			<RefId>1297306713</RefId>
		</Item>
		<Item>
			<Name>Volllinie</Name>
			<Index>1</Index>
			<RefId>1297306713</RefId>
		</Item>
	</AttrTable>
	<Favorite Type="DoorDefault">
		<OdbObj Mv="8" Sv="4">
			<OdbRef>
				<guid>5559FBB2-06EE-45B1-AAB8-052E56839605</guid>
			</OdbRef>
			<CreaTime>57397908</CreaTime>
			<ModiTime>57566212</ModiTime>
		</OdbObj>
		<Name>Metallrahmentür mit Seitenfeld</Name>
		<Ind>156</Ind>
		<Flags>0</Flags>
		<ModiTime>0</ModiTime>
		<Version>0</Version>
		<PlatformSign>22359</PlatformSign>
		<TypeId>1146048338</TypeId>
		<SubTypeSignature>1146048338</SubTypeSignature>
		<DoorDefault>
			<WallOpeningDefault Mv="2" Sv="0">
				<OpeningDefault Mv="2" Sv="0">
					<GDLBasedElemDefault Mv="2" Sv="0">
						<ModelElementDefault Mv="2" Sv="0">
							<VBElementDefault Mv="2" Sv="0">
								<DefaultElem>
									<CategoryInfo Mv="1" Sv="0">
										<CategoryInfoIdListSize>2</CategoryInfoIdListSize>
										<CategoryValueId>539EA1F2-E319-7D11-7CAC-CCAA638FAD6E</CategoryValueId>
										<CategoryValueId>6F76AEB9-1C41-7E76-5254-57399CBF985B</CategoryValueId>
									</CategoryInfo>
									<AddOnDataArray Size="0"/>
									<PropertyDataProxy/>
									<ClassificationItemSet/>
								</DefaultElem>
							</VBElementDefault>
						</ModelElementDefault>
						<MainPen>2</MainPen>
						<Material>133</Material>
						<OnePen>false</OnePen>
						<InfoString>I-03</InfoString>
						<LibPartId Mv="1" Sv="0">
							<Name>BIM-all-doors.gsm</Name>
							<MainGuid>E1DA1925-92DB-402E-BB92-8E4D74689143</MainGuid>
							<UnId>4A48A997-97AB-4A50-B1D1-2672D587C23D</UnId>
						</LibPartId>
						<MainGuid>11E85B84-8DD1-491B-A2FE-337454A91545</MainGuid>
						<CreatorToolUnID>BEE7D918-B887-4E44-9844-1730A949CB66</CreatorToolUnID>
						<UserGDLParamList Mv="1" Sv="0">
							<Location>AddPars\Favorite - DoorDefault - Metallrahmentür mit Seitenfeld - BIM-all-doors.gsm.xml</Location>
						</UserGDLParamList>
					</GDLBasedElemDefault>
					<HoleBits>0</HoleBits>
					<PropertyAssignmentType>0</PropertyAssignmentType>
					<ObjectWidth>1.51</ObjectWidth>
					<ObjectHeight>2.135</ObjectHeight>
					<SubFloorThickness>0</SubFloorThickness>
					<ContourPen>2</ContourPen>
					<FillPen>1</FillPen>
					<BackgroundPen>0</BackgroundPen>
					<Fill>132</Fill>
					<LineType>1</LineType>
					<CutLineType>1</CutLineType>
					<AboveViewLinePen>2</AboveViewLinePen>
					<AboveViewLineType>1</AboveViewLineType>
					<BelowViewLinePen>2</BelowViewLinePen>
					<BelowViewLineType>1</BelowViewLineType>
					<DisplayOption>2</DisplayOption>
					<UseSymbSectAttrs>true</UseSymbSectAttrs>
					<UseSymbLineType>false</UseSymbLineType>
					<UseSymbMaterial>true</UseSymbMaterial>
					<WallHoleSideMat>false</WallHoleSideMat>
					<WallHoleMatCurved>false</WallHoleMatCurved>
					<MarkerPen>1</MarkerPen>
					<MarkerOnePen>false</MarkerOnePen>
					<MarkerMode>0</MarkerMode>
					<LibPartId Mv="1" Sv="0">
						<Name/>
						<MainGuid>00000000-0000-0000-0000-000000000000</MainGuid>
						<UnId>00000000-0000-0000-0000-000000000000</UnId>
					</LibPartId>
					<MainGuid>A18169BC-B873-4C32-B6C4-1CEBFA07F494</MainGuid>
					<MarkerCreatorToolUnID>262B443C-558E-4D5A-BCEF-32CE55DF6F57</MarkerCreatorToolUnID>
					<UserGDLParamList Mv="1" Sv="0"/>
				</OpeningDefault>
				<FixPoint>0</FixPoint>
				<DirectionType>1</DirectionType>
				<SillMethod>1</SillMethod>
				<RevealDepthOffset>0</RevealDepthOffset>
				<JambDepthSill>0</JambDepthSill>
				<JambDepthHead>0.06</JambDepthHead>
				<JambDepth>0.06</JambDepth>
				<JambDepth2>0.06</JambDepth2>
				<Lower>0</Lower>
				<Reveal>false</Reveal>
				<AnchorLinkType>2</AnchorLinkType>
				<AnchorLinkFloor>1</AnchorLinkFloor>
				<RevealDepthLocation>1</RevealDepthLocation>
				<RevealDepthFromSide>0</RevealDepthFromSide>
			</WallOpeningDefault>
		</DoorDefault>
		<HasNoteDef>true</HasNoteDef>
		<NoteDefault Mv="5" Sv="7">
			<DocumentationElementDefault Mv="5" Sv="7">
				<VBElementDefault Mv="5" Sv="7">
					<DefaultElem>
						<CategoryInfo Mv="1" Sv="0">
							<CategoryInfoIdListSize>0</CategoryInfoIdListSize>
						</CategoryInfo>
						<AddOnDataArray Size="0"/>
						<PropertyDataProxy/>
						<ClassificationItemSet/>
					</DefaultElem>
				</VBElementDefault>
			</DocumentationElementDefault>
			<NotePen>1</NotePen>
			<FontFamily>
				<FontName>Arial Unicode MS Westlich</FontName>
			</FontFamily>
			<NoteSize>0</NoteSize>
			<NoteAngle>0</NoteAngle>
			<NoteStyle>0</NoteStyle>
			<RowAnchor>0</RowAnchor>
			<Alignment>1</Alignment>
			<WidthFactor>1</WidthFactor>
			<SpacingFactor>1</SpacingFactor>
			<Effects>0</Effects>
			<NoteUseContour>false</NoteUseContour>
			<NoteUseFill>false</NoteUseFill>
			<NoteContourPen>1</NoteContourPen>
			<NoteFillPen>-1</NoteFillPen>
			<HasLeaderLine>false</HasLeaderLine>
			<LeaderLineStartAngle>1.0471975511966</LeaderLineStartAngle>
			<LeaderLineStartAngleFixed>false</LeaderLineStartAngleFixed>
			<LeaderLineAttributes>
				<ArrowForm>26</ArrowForm>
				<ArrowSize>2</ArrowSize>
				<ArrowPen>1</ArrowPen>
				<LinePen>1</LinePen>
				<LineType>1</LineType>
				<Shape>0</Shape>
				<HideArrow>false</HideArrow>
				<HideArrowScale>1000</HideArrowScale>
				<Vertical>Top</Vertical>
				<Reference>FirstRow</Reference>
				<Underline>false</Underline>
			</LeaderLineAttributes>
			<Readable>true</Readable>
		</NoteDefault>
		<HasReferenceStory>false</HasReferenceStory>
		<Folder>00000000-0000-0000-0000-000000000000</Folder>
		<Guid>00000000-0000-0000-0000-000000000000</Guid>
	</Favorite>
	<Folder Name="Fenster+Türen">
		<Folder Name="BIM-all-doors"/>
	</Folder>
</Favorites>
