﻿<?xml version="1.0" encoding="UTF-8"?>
<AddPar Index="0" Name="Favorite - LabelDefault - BIM-all-doors Links_Rechts - BIM-all-doors Label.gsm" UNID="{59210C60-5D12-43AD-8146-315602F2A87F}-{C1929FAC-016B-4855-8BF0-635D8A2135A8}">
	
<Parameters>
		<Length Name="A">
			<Description><![CDATA[""]]></Description>
			<Value>0.2</Value>
		</Length>
		<Length Name="B">
			<Description><![CDATA[""]]></Description>
			<Value>0.2</Value>
		</Length>
		<Integer Name="showWhat">
			<Description><![CDATA[""]]></Description>
			<Value>2</Value>
		</Integer>

		<!-- _sp0: PARAMETER BLOCK ===== PARAMETER BLOCK ===== PARAMETER BLOCK ===== PARAMETER BLOCK -->

		<Title Name="_sp0">
			<Description><![CDATA[""]]></Description>
		</Title>
		<String Name="Praefix1">
			<Description><![CDATA[""]]></Description>
			<Flags>
				<ParFlg_Child/>
			</Flags>
			<Value><![CDATA["("]]></Value>
		</String>
		<String Name="showParaName1">
			<Description><![CDATA[""]]></Description>
			<Flags>
				<ParFlg_Child/>
			</Flags>
			<Value><![CDATA["ac_OpeningSide"]]></Value>
		</String>
		<String Name="Suffix1">
			<Description><![CDATA[""]]></Description>
			<Flags>
				<ParFlg_Child/>
			</Flags>
			<Value><![CDATA[")"]]></Value>
		</String>

		<!-- _sp1: PARAMETER BLOCK ===== PARAMETER BLOCK ===== PARAMETER BLOCK ===== PARAMETER BLOCK -->

		<Title Name="_sp1">
			<Description><![CDATA[""]]></Description>
		</Title>
		<Boolean Name="showElectric">
			<Description><![CDATA[""]]></Description>
			<Flags>
				<ParFlg_Child/>
			</Flags>
			<Value>1</Value>
		</Boolean>
		<Boolean Name="showExternalButton">
			<Description><![CDATA[""]]></Description>
			<Flags>
				<ParFlg_Child/>
			</Flags>
			<Value>1</Value>
		</Boolean>
		<Boolean Name="showFireResistance">
			<Description><![CDATA[""]]></Description>
			<Flags>
				<ParFlg_Child/>
			</Flags>
			<Value>0</Value>
		</Boolean>
		<Boolean Name="showSmokeResistance">
			<Description><![CDATA[""]]></Description>
			<Flags>
				<ParFlg_Child/>
			</Flags>
			<Value>0</Value>
		</Boolean>
		<Boolean Name="showNoiseInsulaion">
			<Description><![CDATA[""]]></Description>
			<Flags>
				<ParFlg_Child/>
			</Flags>
			<Value>0</Value>
		</Boolean>
		<Boolean Name="showAccessibility">
			<Description><![CDATA[""]]></Description>
			<Flags>
				<ParFlg_Child/>
			</Flags>
			<Value>0</Value>
		</Boolean>
		<Boolean Name="showAdmissionControl">
			<Description><![CDATA[""]]></Description>
			<Flags>
				<ParFlg_Child/>
			</Flags>
			<Value>0</Value>
		</Boolean>
		<Boolean Name="showMoistureProofing">
			<Description><![CDATA[""]]></Description>
			<Flags>
				<ParFlg_Child/>
			</Flags>
			<Value>0</Value>
		</Boolean>
		<Boolean Name="showEscapeRoute">
			<Description><![CDATA[""]]></Description>
			<Flags>
				<ParFlg_Child/>
			</Flags>
			<Value>0</Value>
		</Boolean>

		<!-- _sp2: PARAMETER BLOCK ===== PARAMETER BLOCK ===== PARAMETER BLOCK ===== PARAMETER BLOCK -->

		<Title Name="_sp2">
			<Description><![CDATA[""]]></Description>
		</Title>
		<PenColor Name="gs_cont_pen">
			<Description><![CDATA[""]]></Description>
			<Flags>
				<ParFlg_Child/>
			</Flags>
			<Value>1</Value>
		</PenColor>
		<FillPattern Name="gs_fill_type">
			<Description><![CDATA[""]]></Description>
			<Flags>
				<ParFlg_Child/>
			</Flags>
			<Value>64</Value>
		</FillPattern>
		<PenColor Name="gs_fill_pen_yellow">
			<Description><![CDATA[""]]></Description>
			<Flags>
				<ParFlg_Child/>
			</Flags>
			<Value>12</Value>
		</PenColor>
		<PenColor Name="gs_fill_pen_red">
			<Description><![CDATA[""]]></Description>
			<Flags>
				<ParFlg_Child/>
			</Flags>
			<Value>11</Value>
		</PenColor>
		<PenColor Name="gs_fill_pen_blue">
			<Description><![CDATA[""]]></Description>
			<Flags>
				<ParFlg_Child/>
			</Flags>
			<Value>16</Value>
		</PenColor>
		<PenColor Name="gs_fill_pen_green">
			<Description><![CDATA[""]]></Description>
			<Flags>
				<ParFlg_Child/>
			</Flags>
			<Value>13</Value>
		</PenColor>
		<PenColor Name="gs_fill_pen_grey">
			<Description><![CDATA[""]]></Description>
			<Flags>
				<ParFlg_Child/>
			</Flags>
			<Value>94</Value>
		</PenColor>
		<PenColor Name="gs_fill_pen_white">
			<Description><![CDATA[""]]></Description>
			<Flags>
				<ParFlg_Child/>
			</Flags>
			<Value>19</Value>
		</PenColor>
		<PenColor Name="gs_bkg_pen">
			<Description><![CDATA[""]]></Description>
			<Flags>
				<ParFlg_Child/>
			</Flags>
			<Value>0</Value>
		</PenColor>
		<Boolean Name="AC_CustomReadability">
			<Description><![CDATA[""]]></Description>
			<Flags>
				<ParFlg_Hidden/>
			</Flags>
			<Value>0</Value>
		</Boolean>
	
</Parameters>	
</AddPar>
