﻿<?xml version="1.0" encoding="UTF-8"?>
<AddPar Index="0" Name="Favorite - DoorDefault - Holztür Futter+Bekleidung 2Fl. - BIM-all-doors.gsm" UNID="{E1DA1925-92DB-402E-BB92-8E4D74689143}-{92090E3B-E348-4B21-A55D-3A99D928B9E5}">
	
<Parameters>
		<Length Name="A">
			<Description><![CDATA[""]]></Description>
			<Value>2.01</Value>
		</Length>
		<Length Name="B">
			<Description><![CDATA[""]]></Description>
			<Value>2.135</Value>
		</Length>
		<Length Name="ZZYZX">
			<Description><![CDATA[""]]></Description>
			<Flags>
				<ParFlg_Hidden/>
			</Flags>
			<Value>1</Value>
		</Length>
		<Integer Name="AC_WallContours">
			<Description><![CDATA[""]]></Description>
			<Value>0</Value>
		</Integer>
		<Integer Name="AC_Hole_Hotspot_Control">
			<Description><![CDATA[""]]></Description>
			<Flags>
				<ParFlg_Hidden/>
			</Flags>
			<Value>3</Value>
		</Integer>
		<Boolean Name="AC_show2DHotspotsIn3D">
			<Description><![CDATA[""]]></Description>
			<Flags>
				<ParFlg_Hidden/>
			</Flags>
			<Value>0</Value>
		</Boolean>

		<!-- bs_identification: PARAMETER BLOCK ===== PARAMETER BLOCK ===== PARAMETER BLOCK ===== PARAMETER BLOCK -->

		<Title Name="bs_identification">
			<Description><![CDATA[""]]></Description>
			<Flags>
				<ParFlg_Hidden/>
			</Flags>
		</Title>
		<Integer Name="dk_id_zoneOrientation">
			<Description><![CDATA[""]]></Description>
			<Flags>
				<ParFlg_Child/>
			</Flags>
			<Value>1</Value>
		</Integer>
		<String Name="dk_id_PrefixSuffix">
			<Description><![CDATA[""]]></Description>
			<Flags>
				<ParFlg_Child/>
			</Flags>
			<ArrayValues FirstDimension="2" SecondDimension="0">
				<AVal Row="1"><![CDATA["T."]]></AVal>
				<AVal Row="2"><![CDATA[""]]></AVal>
			</ArrayValues>
		</String>
		<String Name="BS_ID">
			<Description><![CDATA[""]]></Description>
			<Flags>
				<ParFlg_Child/>
			</Flags>
			<Value><![CDATA["T."]]></Value>
		</String>

		<!-- dk_environment: PARAMETER BLOCK ===== PARAMETER BLOCK ===== PARAMETER BLOCK ===== PARAMETER BLOCK -->

		<Title Name="dk_environment">
			<Description><![CDATA[""]]></Description>
		</Title>
		<Boolean Name="dk_wallhole_control">
			<Description><![CDATA[""]]></Description>
			<Flags>
				<ParFlg_Child/>
				<ParFlg_Unique/>
				<ParFlg_Hidden/>
			</Flags>
			<Value>1</Value>
		</Boolean>
		<String Name="dk_refRoom_orientation">
			<Description><![CDATA[""]]></Description>
			<Flags>
				<ParFlg_Child/>
			</Flags>
			<Value><![CDATA["BS"]]></Value>
		</String>
		<String Name="dk_refRoom_nmbr">
			<Description><![CDATA[""]]></Description>
			<Flags>
				<ParFlg_Child/>
			</Flags>
			<Value><![CDATA[""]]></Value>
		</String>
		<String Name="dk_refRoom_name">
			<Description><![CDATA[""]]></Description>
			<Flags>
				<ParFlg_Child/>
			</Flags>
			<Value><![CDATA[""]]></Value>
		</String>
		<String Name="dk_2ndRoom_nmbr">
			<Description><![CDATA[""]]></Description>
			<Flags>
				<ParFlg_Child/>
			</Flags>
			<Value><![CDATA[""]]></Value>
		</String>
		<String Name="dk_2ndRoom_name">
			<Description><![CDATA[""]]></Description>
			<Flags>
				<ParFlg_Child/>
			</Flags>
			<Value><![CDATA[""]]></Value>
		</String>
		<Length Name="bs_wall_thk_covering1">
			<Description><![CDATA[""]]></Description>
			<Flags>
				<ParFlg_Child/>
			</Flags>
			<Value>0</Value>
		</Length>
		<Length Name="bs_wall_thk_covering2">
			<Description><![CDATA[""]]></Description>
			<Flags>
				<ParFlg_Child/>
			</Flags>
			<Value>0</Value>
		</Length>

		<!-- bs_parapet: PARAMETER BLOCK ===== PARAMETER BLOCK ===== PARAMETER BLOCK ===== PARAMETER BLOCK -->

		<Title Name="bs_parapet">
			<Description><![CDATA[""]]></Description>
		</Title>
		<Length Name="AC_Sill_To_Curr_Story">
			<Description><![CDATA[""]]></Description>
			<Flags>
				<ParFlg_Child/>
				<ParFlg_Unique/>
				<ParFlg_Hidden/>
			</Flags>
			<Value>0</Value>
		</Length>
		<Length Name="ac_bottomlevel">
			<Description><![CDATA[""]]></Description>
			<Flags>
				<ParFlg_Hidden/>
			</Flags>
			<Value>1</Value>
		</Length>
		<Length Name="ac_toplevel">
			<Description><![CDATA[""]]></Description>
			<Flags>
				<ParFlg_Hidden/>
			</Flags>
			<Value>0</Value>
		</Length>
		<Boolean Name="AC_HoleSideMaterial">
			<Description><![CDATA[""]]></Description>
			<Value>1</Value>
		</Boolean>
		<Boolean Name="AC_HoleMaterialCurved">
			<Description><![CDATA[""]]></Description>
			<Value>0</Value>
		</Boolean>

		<!-- dk_lintel: PARAMETER BLOCK ===== PARAMETER BLOCK ===== PARAMETER BLOCK ===== PARAMETER BLOCK -->

		<Title Name="dk_lintel">
			<Description><![CDATA[""]]></Description>
		</Title>

		<!-- gs_reveal: PARAMETER BLOCK ===== PARAMETER BLOCK ===== PARAMETER BLOCK ===== PARAMETER BLOCK -->

		<Title Name="gs_reveal">
			<Description><![CDATA[""]]></Description>
		</Title>
		<Length Name="gs_reveal_left">
			<Description><![CDATA[""]]></Description>
			<Flags>
				<ParFlg_Child/>
				<ParFlg_Hidden/>
			</Flags>
			<Value>0.055</Value>
		</Length>
		<Length Name="gs_reveal_right">
			<Description><![CDATA[""]]></Description>
			<Flags>
				<ParFlg_Child/>
				<ParFlg_Hidden/>
			</Flags>
			<Value>0.055</Value>
		</Length>
		<Length Name="gs_reveal_top">
			<Description><![CDATA[""]]></Description>
			<Flags>
				<ParFlg_Child/>
				<ParFlg_Hidden/>
			</Flags>
			<Value>0.055</Value>
		</Length>
		<Length Name="gs_reveal_bottom">
			<Description><![CDATA[""]]></Description>
			<Flags>
				<ParFlg_Child/>
				<ParFlg_Hidden/>
			</Flags>
			<Value>0.055</Value>
		</Length>

		<!-- bs_requirement_basic: PARAMETER BLOCK ===== PARAMETER BLOCK ===== PARAMETER BLOCK ===== PARAMETER BLOCK -->

		<Title Name="bs_requirement_basic">
			<Description><![CDATA[""]]></Description>
		</Title>
		<Integer Name="bs_demand_FireResistance">
			<Description><![CDATA[""]]></Description>
			<Flags>
				<ParFlg_Child/>
			</Flags>
			<Value>0</Value>
		</Integer>
		<Integer Name="bs_demand_SmokeResistance">
			<Description><![CDATA[""]]></Description>
			<Flags>
				<ParFlg_Child/>
			</Flags>
			<Value>1</Value>
		</Integer>
		<Integer Name="bs_demand_NoiseInsulaion">
			<Description><![CDATA[""]]></Description>
			<Flags>
				<ParFlg_Child/>
			</Flags>
			<Value>0</Value>
		</Integer>
		<Integer Name="bs_demand_Accessibility">
			<Description><![CDATA[""]]></Description>
			<Flags>
				<ParFlg_Child/>
			</Flags>
			<Value>0</Value>
		</Integer>
		<Integer Name="bs_demand_AdmissionControl">
			<Description><![CDATA[""]]></Description>
			<Flags>
				<ParFlg_Child/>
			</Flags>
			<Value>0</Value>
		</Integer>
		<Integer Name="bs_demand_MoistureProofing">
			<Description><![CDATA[""]]></Description>
			<Flags>
				<ParFlg_Child/>
			</Flags>
			<Value>0</Value>
		</Integer>
		<Integer Name="bs_demand_EscapeRoute">
			<Description><![CDATA[""]]></Description>
			<Flags>
				<ParFlg_Child/>
			</Flags>
			<Value>1</Value>
		</Integer>

		<!-- bs_requirement_protection: PARAMETER BLOCK ===== PARAMETER BLOCK ===== PARAMETER BLOCK ===== PARAMETER BLOCK -->

		<Title Name="bs_requirement_protection">
			<Description><![CDATA[""]]></Description>
		</Title>
		<String Name="bs_quality_FireResistanceRating">
			<Description><![CDATA[""]]></Description>
			<Flags>
				<ParFlg_Child/>
			</Flags>
			<Value><![CDATA["[-]"]]></Value>
		</String>
		<String Name="bs_quality_SmokeResistance">
			<Description><![CDATA[""]]></Description>
			<Flags>
				<ParFlg_Child/>
			</Flags>
			<Value><![CDATA["[-]"]]></Value>
		</String>
		<String Name="bs_quality_NoiseInsulaion">
			<Description><![CDATA[""]]></Description>
			<Flags>
				<ParFlg_Child/>
			</Flags>
			<Value><![CDATA["[-]"]]></Value>
		</String>
		<String Name="bs_quality_ThermalInsulaion">
			<Description><![CDATA[""]]></Description>
			<Flags>
				<ParFlg_Child/>
			</Flags>
			<Value><![CDATA["[-]"]]></Value>
		</String>
		<String Name="bs_quality_BurglaryProtection">
			<Description><![CDATA[""]]></Description>
			<Flags>
				<ParFlg_Child/>
			</Flags>
			<Value><![CDATA["[-]"]]></Value>
		</String>
		<String Name="bs_quality_StrafingProtection">
			<Description><![CDATA[""]]></Description>
			<Flags>
				<ParFlg_Child/>
			</Flags>
			<Value><![CDATA["[-]"]]></Value>
		</String>
		<String Name="bs_quality_DetonationProtection">
			<Description><![CDATA[""]]></Description>
			<Flags>
				<ParFlg_Child/>
			</Flags>
			<Value><![CDATA["[-]"]]></Value>
		</String>
		<String Name="bs_quality_RadiationProtection">
			<Description><![CDATA[""]]></Description>
			<Flags>
				<ParFlg_Child/>
			</Flags>
			<Value><![CDATA["[-]"]]></Value>
		</String>
		<String Name="bs_quality_LaserProtection">
			<Description><![CDATA[""]]></Description>
			<Flags>
				<ParFlg_Child/>
			</Flags>
			<Value><![CDATA["[-]"]]></Value>
		</String>
		<String Name="bs_quality_FloodProtection">
			<Description><![CDATA[""]]></Description>
			<Flags>
				<ParFlg_Child/>
			</Flags>
			<Value><![CDATA["[-]"]]></Value>
		</String>
		<String Name="bs_quality_VandalismProtection">
			<Description><![CDATA[""]]></Description>
			<Flags>
				<ParFlg_Child/>
			</Flags>
			<Value><![CDATA["[-]"]]></Value>
		</String>
		<String Name="bs_quality_GasDefense">
			<Description><![CDATA[""]]></Description>
			<Flags>
				<ParFlg_Child/>
			</Flags>
			<Value><![CDATA["[-]"]]></Value>
		</String>

		<!-- bs_requirement_functional: PARAMETER BLOCK ===== PARAMETER BLOCK ===== PARAMETER BLOCK ===== PARAMETER BLOCK -->

		<Title Name="bs_requirement_functional">
			<Description><![CDATA[""]]></Description>
		</Title>
		<String Name="bs_quality_EscapeRoute">
			<Description><![CDATA[""]]></Description>
			<Flags>
				<ParFlg_Child/>
			</Flags>
			<Value><![CDATA["[-]"]]></Value>
		</String>
		<Length Name="bs_quality_UsableClearance">
			<Description><![CDATA[""]]></Description>
			<Flags>
				<ParFlg_Child/>
			</Flags>
			<Value>0.5</Value>
		</Length>
		<Length Name="bs_quality_TotalClearance">
			<Description><![CDATA[""]]></Description>
			<Flags>
				<ParFlg_Child/>
			</Flags>
			<Value>1.5</Value>
		</Length>
		<Length Name="bs_quality_UsableHeight">
			<Description><![CDATA[""]]></Description>
			<Flags>
				<ParFlg_Child/>
			</Flags>
			<Value>2</Value>
		</Length>
		<Angle Name="bs_quality_OpeningAngle">
			<Description><![CDATA[""]]></Description>
			<Flags>
				<ParFlg_Child/>
			</Flags>
			<Value>90</Value>
		</Angle>
		<Length Name="bs_quality_GuardrailHeight">
			<Description><![CDATA[""]]></Description>
			<Flags>
				<ParFlg_Child/>
			</Flags>
			<Value>0</Value>
		</Length>
		<String Name="bs_quality_SHE">
			<Description><![CDATA[""]]></Description>
			<Flags>
				<ParFlg_Child/>
			</Flags>
			<Value><![CDATA["[-]"]]></Value>
		</String>
		<String Name="bs_quality_SelfClosing">
			<Description><![CDATA[""]]></Description>
			<Flags>
				<ParFlg_Child/>
			</Flags>
			<Value><![CDATA["[-]"]]></Value>
		</String>
		<String Name="bs_quality_Automation">
			<Description><![CDATA[""]]></Description>
			<Flags>
				<ParFlg_Child/>
			</Flags>
			<Value><![CDATA["[-]"]]></Value>
		</String>
		<String Name="bs_quality_AntiTrapProtection">
			<Description><![CDATA[""]]></Description>
			<Flags>
				<ParFlg_Child/>
			</Flags>
			<Value><![CDATA["[-]"]]></Value>
		</String>
		<String Name="bs_quality_ClimateClass">
			<Description><![CDATA[""]]></Description>
			<Flags>
				<ParFlg_Child/>
			</Flags>
			<Value><![CDATA["[-]"]]></Value>
		</String>
		<String Name="bs_quality_WetRoom">
			<Description><![CDATA[""]]></Description>
			<Flags>
				<ParFlg_Child/>
			</Flags>
			<Value><![CDATA["[-]"]]></Value>
		</String>
		<String Name="bs_quality_DampArea">
			<Description><![CDATA[""]]></Description>
			<Flags>
				<ParFlg_Child/>
			</Flags>
			<Value><![CDATA["[-]"]]></Value>
		</String>
		<String Name="bs_quality_Tightness">
			<Description><![CDATA[""]]></Description>
			<Flags>
				<ParFlg_Child/>
			</Flags>
			<Value><![CDATA["[-]"]]></Value>
		</String>
		<String Name="bs_quality_Hygiene">
			<Description><![CDATA[""]]></Description>
			<Flags>
				<ParFlg_Child/>
			</Flags>
			<Value><![CDATA["[-]"]]></Value>
		</String>
		<String Name="bs_quality_Sustainability">
			<Description><![CDATA[""]]></Description>
			<Flags>
				<ParFlg_Child/>
			</Flags>
			<Value><![CDATA["[-]"]]></Value>
		</String>
		<String Name="bs_quality_ExplosionSafety">
			<Description><![CDATA[""]]></Description>
			<Flags>
				<ParFlg_Child/>
			</Flags>
			<Value><![CDATA["[-]"]]></Value>
		</String>
		<String Name="bs_quality_MechanicalLoad">
			<Description><![CDATA[""]]></Description>
			<Flags>
				<ParFlg_Child/>
			</Flags>
			<Value><![CDATA["[-]"]]></Value>
		</String>
		<String Name="bs_quality_CorrosionPrevention">
			<Description><![CDATA[""]]></Description>
			<Flags>
				<ParFlg_Child/>
			</Flags>
			<Value><![CDATA["[-]"]]></Value>
		</String>
		<String Name="bs_quality_UsefulLife">
			<Description><![CDATA[""]]></Description>
			<Flags>
				<ParFlg_Child/>
			</Flags>
			<Value><![CDATA["[-]"]]></Value>
		</String>
		<String Name="bs_quality_IntensityOfUse">
			<Description><![CDATA[""]]></Description>
			<Flags>
				<ParFlg_Child/>
			</Flags>
			<Value><![CDATA["[-]"]]></Value>
		</String>
		<String Name="bs_quality_EMShielding">
			<Description><![CDATA[""]]></Description>
			<Flags>
				<ParFlg_Child/>
			</Flags>
			<Value><![CDATA["[-]"]]></Value>
		</String>
		<String Name="bs_quality_BurglaryAlarmSystem">
			<Description><![CDATA[""]]></Description>
			<Flags>
				<ParFlg_Child/>
			</Flags>
			<Value><![CDATA["[-]"]]></Value>
		</String>
		<String Name="bs_quality_AccidentPrevention">
			<Description><![CDATA[""]]></Description>
			<Flags>
				<ParFlg_Child/>
			</Flags>
			<Value><![CDATA["[-]"]]></Value>
		</String>
		<String Name="bs_quality_Accessibility">
			<Description><![CDATA[""]]></Description>
			<Flags>
				<ParFlg_Child/>
			</Flags>
			<Value><![CDATA["[-]"]]></Value>
		</String>
		<String Name="bs_quality_ActuatingForce">
			<Description><![CDATA[""]]></Description>
			<Flags>
				<ParFlg_Child/>
			</Flags>
			<Value><![CDATA["[-]"]]></Value>
		</String>

		<!-- bs_access_control: PARAMETER BLOCK ===== PARAMETER BLOCK ===== PARAMETER BLOCK ===== PARAMETER BLOCK -->

		<Title Name="bs_access_control">
			<Description><![CDATA[""]]></Description>
		</Title>
		<String Name="bs_ac_identify1">
			<Description><![CDATA[""]]></Description>
			<Flags>
				<ParFlg_Child/>
			</Flags>
			<Value><![CDATA["[-]"]]></Value>
		</String>
		<String Name="bs_ac_identify2">
			<Description><![CDATA[""]]></Description>
			<Flags>
				<ParFlg_Child/>
			</Flags>
			<Value><![CDATA["[-]"]]></Value>
		</String>
		<String Name="bs_ac_opening1">
			<Description><![CDATA[""]]></Description>
			<Flags>
				<ParFlg_Child/>
			</Flags>
			<Value><![CDATA["[-]"]]></Value>
		</String>
		<String Name="bs_ac_opening2">
			<Description><![CDATA[""]]></Description>
			<Flags>
				<ParFlg_Child/>
			</Flags>
			<Value><![CDATA["[-]"]]></Value>
		</String>
		<String Name="bs_ac_closing">
			<Description><![CDATA[""]]></Description>
			<Flags>
				<ParFlg_Child/>
			</Flags>
			<Value><![CDATA["[-]"]]></Value>
		</String>
		<String Name="bs_ac_status">
			<Description><![CDATA[""]]></Description>
			<Flags>
				<ParFlg_Child/>
			</Flags>
			<Value><![CDATA["[-]"]]></Value>
		</String>

		<!-- bs_control: PARAMETER BLOCK ===== PARAMETER BLOCK ===== PARAMETER BLOCK ===== PARAMETER BLOCK -->

		<Title Name="bs_control">
			<Description><![CDATA[""]]></Description>
		</Title>
		<Integer Name="bs_ctrl_leaf_position">
			<Description><![CDATA[""]]></Description>
			<Flags>
				<ParFlg_Child/>
			</Flags>
			<Value>0</Value>
		</Integer>
		<Integer Name="bs_ctrl_locking">
			<Description><![CDATA[""]]></Description>
			<Flags>
				<ParFlg_Child/>
			</Flags>
			<Value>0</Value>
		</Integer>
		<Integer Name="bs_ctrl_handle_actuation">
			<Description><![CDATA[""]]></Description>
			<Flags>
				<ParFlg_Child/>
			</Flags>
			<Value>0</Value>
		</Integer>
		<Integer Name="bs_ctrl_key_actuation">
			<Description><![CDATA[""]]></Description>
			<Flags>
				<ParFlg_Child/>
			</Flags>
			<Value>0</Value>
		</Integer>
		<Integer Name="bs_ctrl_distance_actuation">
			<Description><![CDATA[""]]></Description>
			<Flags>
				<ParFlg_Child/>
			</Flags>
			<Value>0</Value>
		</Integer>
		<Integer Name="bs_ctrl_time_opened">
			<Description><![CDATA[""]]></Description>
			<Flags>
				<ParFlg_Child/>
			</Flags>
			<Value>0</Value>
		</Integer>
		<Integer Name="bs_ctrl_emergency_opened">
			<Description><![CDATA[""]]></Description>
			<Flags>
				<ParFlg_Child/>
			</Flags>
			<Value>0</Value>
		</Integer>
		<Integer Name="bs_ctrl_breakthrough">
			<Description><![CDATA[""]]></Description>
			<Flags>
				<ParFlg_Child/>
			</Flags>
			<Value>0</Value>
		</Integer>
		<Integer Name="bs_ctrl_burst">
			<Description><![CDATA[""]]></Description>
			<Flags>
				<ParFlg_Child/>
			</Flags>
			<Value>0</Value>
		</Integer>
		<Integer Name="bs_ctrl_sabotage">
			<Description><![CDATA[""]]></Description>
			<Flags>
				<ParFlg_Child/>
			</Flags>
			<Value>0</Value>
		</Integer>

		<!-- dk_basic_features: PARAMETER BLOCK ===== PARAMETER BLOCK ===== PARAMETER BLOCK ===== PARAMETER BLOCK -->

		<Title Name="dk_basic_features">
			<Description><![CDATA[""]]></Description>
		</Title>
		<String Name="bs_door_OpeningType">
			<Description><![CDATA[""]]></Description>
			<Flags>
				<ParFlg_Child/>
				<ParFlg_Hidden/>
			</Flags>
			<Value><![CDATA["Drehflügeltür Anschlagtür"]]></Value>
		</String>
		<String Name="bs_door_ConstructionType">
			<Description><![CDATA[""]]></Description>
			<Flags>
				<ParFlg_Child/>
			</Flags>
			<Value><![CDATA["HO-FB+HO-VB-2F"]]></Value>
		</String>
		<String Name="bs_door_manufacturer">
			<Description><![CDATA[""]]></Description>
			<Flags>
				<ParFlg_Child/>
			</Flags>
			<Value><![CDATA[""]]></Value>
		</String>
		<String Name="bs_door_model">
			<Description><![CDATA[""]]></Description>
			<Flags>
				<ParFlg_Child/>
			</Flags>
			<Value><![CDATA[""]]></Value>
		</String>
		<Integer Name="bs_door_leafs">
			<Description><![CDATA[""]]></Description>
			<Flags>
				<ParFlg_Child/>
			</Flags>
			<Value>2</Value>
		</Integer>
		<Boolean Name="gs_door_transom">
			<Description><![CDATA[""]]></Description>
			<Flags>
				<ParFlg_Child/>
				<ParFlg_Hidden/>
			</Flags>
			<Value>0</Value>
		</Boolean>
		<String Name="bs_door_sidelight">
			<Description><![CDATA[""]]></Description>
			<Flags>
				<ParFlg_Child/>
			</Flags>
			<Value><![CDATA["-"]]></Value>
		</String>
		<Boolean Name="gs_sidelight_left">
			<Description><![CDATA[""]]></Description>
			<Flags>
				<ParFlg_Child/>
			</Flags>
			<Value>0</Value>
		</Boolean>
		<Boolean Name="gs_sidelight_right">
			<Description><![CDATA[""]]></Description>
			<Flags>
				<ParFlg_Child/>
			</Flags>
			<Value>0</Value>
		</Boolean>
		<Integer Name="gs_list_orientationDef_m">
			<Description><![CDATA[""]]></Description>
			<Flags>
				<ParFlg_Child/>
			</Flags>
			<Value>0</Value>
		</Integer>
		<String Name="ac_OpeningSide">
			<Description><![CDATA[""]]></Description>
			<Flags>
				<ParFlg_Child/>
			</Flags>
			<Value><![CDATA["L"]]></Value>
		</String>
		<String Name="ac_OpeningSide2">
			<Description><![CDATA[""]]></Description>
			<Flags>
				<ParFlg_Child/>
			</Flags>
			<Value><![CDATA["R"]]></Value>
		</String>
		<Integer Name="bs_door_electrified">
			<Description><![CDATA[""]]></Description>
			<Flags>
				<ParFlg_Child/>
			</Flags>
			<Value>0</Value>
		</Integer>
		<Integer Name="bs_door_external_button">
			<Description><![CDATA[""]]></Description>
			<Flags>
				<ParFlg_Child/>
			</Flags>
			<Value>0</Value>
		</Integer>
		<Boolean Name="bThreshold">
			<Description><![CDATA[""]]></Description>
			<Value>0</Value>
		</Boolean>

		<!-- gs_door_sizes: PARAMETER BLOCK ===== PARAMETER BLOCK ===== PARAMETER BLOCK ===== PARAMETER BLOCK -->

		<Title Name="gs_door_sizes">
			<Description><![CDATA[""]]></Description>
		</Title>
		<Length Name="gs_tolerance_left">
			<Description><![CDATA[""]]></Description>
			<Flags>
				<ParFlg_Child/>
			</Flags>
			<Value>0.005</Value>
		</Length>
		<Length Name="gs_tolerance_right">
			<Description><![CDATA[""]]></Description>
			<Flags>
				<ParFlg_Child/>
			</Flags>
			<Value>0.005</Value>
		</Length>
		<Length Name="gs_tolerance_upper">
			<Description><![CDATA[""]]></Description>
			<Flags>
				<ParFlg_Child/>
			</Flags>
			<Value>0.01</Value>
		</Length>
		<Length Name="gs_tolerance_lower">
			<Description><![CDATA[""]]></Description>
			<Flags>
				<ParFlg_Child/>
				<ParFlg_Hidden/>
			</Flags>
			<Value>0</Value>
		</Length>
		<Integer Name="dk_tolerance">
			<Description><![CDATA[""]]></Description>
			<Flags>
				<ParFlg_Child/>
				<ParFlg_Hidden/>
			</Flags>
			<Value>1</Value>
		</Integer>
		<Length Name="ac_wallhole_width">
			<Description><![CDATA[""]]></Description>
			<Flags>
				<ParFlg_Child/>
			</Flags>
			<Value>2.01</Value>
		</Length>
		<Length Name="ac_wallhole_height">
			<Description><![CDATA[""]]></Description>
			<Flags>
				<ParFlg_Child/>
			</Flags>
			<Value>2.135</Value>
		</Length>
		<Length Name="ac_wallhole_height_original">
			<Description><![CDATA[""]]></Description>
			<Flags>
				<ParFlg_Child/>
				<ParFlg_Unique/>
				<ParFlg_Hidden/>
			</Flags>
			<Value>2.135</Value>
		</Length>
		<Length Name="ac_reveal_width">
			<Description><![CDATA[""]]></Description>
			<Flags>
				<ParFlg_Child/>
			</Flags>
			<Value>2.01</Value>
		</Length>
		<Length Name="ac_reveal_height">
			<Description><![CDATA[""]]></Description>
			<Flags>
				<ParFlg_Child/>
			</Flags>
			<Value>2.135</Value>
		</Length>
		<Length Name="ac_reveal_height_original">
			<Description><![CDATA[""]]></Description>
			<Flags>
				<ParFlg_Child/>
				<ParFlg_Unique/>
				<ParFlg_Hidden/>
			</Flags>
			<Value>2.135</Value>
		</Length>
		<Length Name="ac_unit_width">
			<Description><![CDATA[""]]></Description>
			<Flags>
				<ParFlg_Child/>
			</Flags>
			<Value>2</Value>
		</Length>
		<Length Name="ac_unit_height">
			<Description><![CDATA[""]]></Description>
			<Flags>
				<ParFlg_Child/>
			</Flags>
			<Value>2.125</Value>
		</Length>
		<Length Name="ac_baurichtmass_width">
			<Description><![CDATA[""]]></Description>
			<Flags>
				<ParFlg_Child/>
				<ParFlg_Unique/>
			</Flags>
			<Value>2</Value>
		</Length>
		<Length Name="ac_baurichtmass_height">
			<Description><![CDATA[""]]></Description>
			<Flags>
				<ParFlg_Child/>
				<ParFlg_Unique/>
			</Flags>
			<Value>2.125</Value>
		</Length>
		<Length Name="bs_FrameRebate_width">
			<Description><![CDATA[""]]></Description>
			<Flags>
				<ParFlg_Child/>
			</Flags>
			<Value>1.966</Value>
		</Length>
		<Length Name="bs_FrameRebate_height">
			<Description><![CDATA[""]]></Description>
			<Flags>
				<ParFlg_Child/>
			</Flags>
			<Value>2.108</Value>
		</Length>
		<Length Name="bs_OuterFrame_width">
			<Description><![CDATA[""]]></Description>
			<Flags>
				<ParFlg_Child/>
			</Flags>
			<Value>2.126</Value>
		</Length>
		<Length Name="bs_OuterFrame_width2">
			<Description><![CDATA[""]]></Description>
			<Flags>
				<ParFlg_Child/>
			</Flags>
			<Value>1.015</Value>
		</Length>
		<Length Name="bs_OuterFrame_height">
			<Description><![CDATA[""]]></Description>
			<Flags>
				<ParFlg_Child/>
			</Flags>
			<Value>2.188</Value>
		</Length>
		<Length Name="bs_OuterFrame_height2">
			<Description><![CDATA[""]]></Description>
			<Flags>
				<ParFlg_Child/>
			</Flags>
			<Value>2.195</Value>
		</Length>
		<Length Name="ac_egress_width">
			<Description><![CDATA[""]]></Description>
			<Flags>
				<ParFlg_Child/>
			</Flags>
			<Value>1.906</Value>
		</Length>
		<Length Name="ac_egress_height">
			<Description><![CDATA[""]]></Description>
			<Flags>
				<ParFlg_Child/>
			</Flags>
			<Value>2.078</Value>
		</Length>
		<Integer Name="dk_UCrelation">
			<Description><![CDATA[""]]></Description>
			<Flags>
				<ParFlg_Child/>
			</Flags>
			<Value>3</Value>
		</Integer>
		<Length Name="dk_UCdistanceRight">
			<Description><![CDATA[""]]></Description>
			<Flags>
				<ParFlg_Child/>
			</Flags>
			<Value>0.062</Value>
		</Length>
		<Length Name="bs_UsableClearance">
			<Description><![CDATA[""]]></Description>
			<Flags>
				<ParFlg_Child/>
			</Flags>
			<Value>1.708</Value>
		</Length>
		<Length Name="bs_UsableHeight">
			<Description><![CDATA[""]]></Description>
			<Flags>
				<ParFlg_Child/>
			</Flags>
			<Value>2.078</Value>
		</Length>
		<Length Name="ac_leaf_width">
			<Description><![CDATA[""]]></Description>
			<Flags>
				<ParFlg_Child/>
			</Flags>
			<Value>0.979</Value>
		</Length>
		<Length Name="ac_leaf_height">
			<Description><![CDATA[""]]></Description>
			<Flags>
				<ParFlg_Child/>
			</Flags>
			<Value>2.099</Value>
		</Length>
		<Integer Name="gs_nominal_size">
			<Description><![CDATA[""]]></Description>
			<Flags>
				<ParFlg_Child/>
				<ParFlg_Hidden/>
			</Flags>
			<Value>1</Value>
		</Integer>
		<Boolean Name="gs_wallhole_nominal">
			<Description><![CDATA[""]]></Description>
			<Flags>
				<ParFlg_Child/>
				<ParFlg_Hidden/>
			</Flags>
			<Value>0</Value>
		</Boolean>
		<Boolean Name="gs_reveal_nominal">
			<Description><![CDATA[""]]></Description>
			<Flags>
				<ParFlg_Child/>
				<ParFlg_Hidden/>
			</Flags>
			<Value>1</Value>
		</Boolean>
		<Boolean Name="gs_unit_nominal">
			<Description><![CDATA[""]]></Description>
			<Flags>
				<ParFlg_Child/>
				<ParFlg_Hidden/>
			</Flags>
			<Value>0</Value>
		</Boolean>
		<Boolean Name="gs_baurichtmass_nominal">
			<Description><![CDATA[""]]></Description>
			<Flags>
				<ParFlg_Child/>
				<ParFlg_Hidden/>
			</Flags>
			<Value>0</Value>
		</Boolean>
		<Boolean Name="gs_egress_nominal">
			<Description><![CDATA[""]]></Description>
			<Flags>
				<ParFlg_Child/>
				<ParFlg_Hidden/>
			</Flags>
			<Value>0</Value>
		</Boolean>
		<Boolean Name="gs_leaf_nominal">
			<Description><![CDATA[""]]></Description>
			<Flags>
				<ParFlg_Child/>
				<ParFlg_Hidden/>
			</Flags>
			<Value>0</Value>
		</Boolean>
		<Boolean Name="dk_FrameRebate_nominal">
			<Description><![CDATA[""]]></Description>
			<Flags>
				<ParFlg_Child/>
				<ParFlg_Hidden/>
			</Flags>
			<Value>1</Value>
		</Boolean>
		<Boolean Name="gs_retain_nominal_sizes">
			<Description><![CDATA[""]]></Description>
			<Flags>
				<ParFlg_Child/>
				<ParFlg_Hidden/>
			</Flags>
			<Value>1</Value>
		</Boolean>
		<Length Name="dk_frame_indention1">
			<Description><![CDATA[""]]></Description>
			<Flags>
				<ParFlg_Child/>
				<ParFlg_Hidden/>
			</Flags>
			<Value>-0.023</Value>
		</Length>
		<Length Name="dk_frame_indention2">
			<Description><![CDATA[""]]></Description>
			<Flags>
				<ParFlg_Child/>
				<ParFlg_Hidden/>
			</Flags>
			<Value>0.388</Value>
		</Length>

		<!-- gs_threshhold: PARAMETER BLOCK ===== PARAMETER BLOCK ===== PARAMETER BLOCK ===== PARAMETER BLOCK -->

		<Title Name="gs_threshhold">
			<Description><![CDATA[""]]></Description>
			<Flags>
				<ParFlg_Child/>
			</Flags>
		</Title>

		<!-- holeUnderThreshold: PARAMETER BLOCK ===== PARAMETER BLOCK ===== PARAMETER BLOCK ===== PARAMETER BLOCK -->

		<String Name="holeUnderThreshold">
			<Description><![CDATA[""]]></Description>
			<Flags>
				<ParFlg_BoldName/>
				<ParFlg_Hidden/>
			</Flags>
			<Value><![CDATA["Wandöffnung zum aktuellen Geschoss"]]></Value>
		</String>
		<Integer Name="iHoleUnderThreshold">
			<Description><![CDATA[""]]></Description>
			<Flags>
				<ParFlg_Child/>
				<ParFlg_Hidden/>
			</Flags>
			<Value>2</Value>
		</Integer>
		<Length Name="thresholdBottomOversize">
			<Description><![CDATA[""]]></Description>
			<Flags>
				<ParFlg_Child/>
				<ParFlg_Hidden/>
			</Flags>
			<Value>0.05</Value>
		</Length>

		<!-- gs_door_frame: PARAMETER BLOCK ===== PARAMETER BLOCK ===== PARAMETER BLOCK ===== PARAMETER BLOCK -->

		<Title Name="gs_door_frame">
			<Description><![CDATA[""]]></Description>
		</Title>
		<String Name="gs_frame_type">
			<Description><![CDATA[""]]></Description>
			<Flags>
				<ParFlg_Child/>
			</Flags>
			<Value><![CDATA["UZ"]]></Value>
		</String>
		<String Name="bs_frame_manufacturer">
			<Description><![CDATA[""]]></Description>
			<Flags>
				<ParFlg_Child/>
			</Flags>
			<Value><![CDATA[""]]></Value>
		</String>
		<String Name="bs_frame_model">
			<Description><![CDATA[""]]></Description>
			<Flags>
				<ParFlg_Child/>
			</Flags>
			<Value><![CDATA["Futter+Bekleidung, Einfachfalz"]]></Value>
		</String>
		<Integer Name="bs_inner_frame">
			<Description><![CDATA[""]]></Description>
			<Flags>
				<ParFlg_Child/>
			</Flags>
			<Value>3</Value>
		</Integer>
		<String Name="bs_frame_material">
			<Description><![CDATA[""]]></Description>
			<Flags>
				<ParFlg_Child/>
			</Flags>
			<Value><![CDATA["HO"]]></Value>
		</String>
		<Boolean Name="gs_different_framewidth">
			<Description><![CDATA[""]]></Description>
			<Flags>
				<ParFlg_Child/>
				<ParFlg_Hidden/>
			</Flags>
			<Value>0</Value>
		</Boolean>
		<Length Name="gs_frame_width">
			<Description><![CDATA[""]]></Description>
			<Flags>
				<ParFlg_Child/>
			</Flags>
			<Value>0.047</Value>
		</Length>
		<Length Name="gs_frame_width_right">
			<Description><![CDATA[""]]></Description>
			<Flags>
				<ParFlg_Child/>
			</Flags>
			<Value>0.047</Value>
		</Length>
		<Length Name="gs_frame_width_left">
			<Description><![CDATA[""]]></Description>
			<Flags>
				<ParFlg_Child/>
			</Flags>
			<Value>0.047</Value>
		</Length>
		<Length Name="gs_frame_width_right_2">
			<Description><![CDATA[""]]></Description>
			<Flags>
				<ParFlg_Child/>
			</Flags>
			<Value>0.047</Value>
		</Length>
		<Length Name="gs_frame_width_left_2">
			<Description><![CDATA[""]]></Description>
			<Flags>
				<ParFlg_Child/>
			</Flags>
			<Value>0.047</Value>
		</Length>
		<Length Name="gs_frame_width_upper">
			<Description><![CDATA[""]]></Description>
			<Flags>
				<ParFlg_Child/>
			</Flags>
			<Value>0.047</Value>
		</Length>
		<Length Name="gs_frame_width_transom">
			<Description><![CDATA[""]]></Description>
			<Flags>
				<ParFlg_Child/>
			</Flags>
			<Value>0.047</Value>
		</Length>
		<Length Name="gs_frame_width_bottom_sl">
			<Description><![CDATA[""]]></Description>
			<Flags>
				<ParFlg_Child/>
			</Flags>
			<Value>0.047</Value>
		</Length>
		<Length Name="gs_frame_thk">
			<Description><![CDATA[""]]></Description>
			<Flags>
				<ParFlg_Child/>
			</Flags>
			<Value>0.411</Value>
		</Length>
		<Boolean Name="dk_different_frame_thk">
			<Description><![CDATA[""]]></Description>
			<Flags>
				<ParFlg_Child/>
				<ParFlg_Hidden/>
			</Flags>
			<Value>0</Value>
		</Boolean>
		<Length Name="dk_frame_thk_post">
			<Description><![CDATA[""]]></Description>
			<Flags>
				<ParFlg_Child/>
			</Flags>
			<Value>0.396</Value>
		</Length>
		<Length Name="dk_frame_thk_upper">
			<Description><![CDATA[""]]></Description>
			<Flags>
				<ParFlg_Child/>
			</Flags>
			<Value>0.411</Value>
		</Length>
		<Length Name="dk_frame_thk_bottom">
			<Description><![CDATA[""]]></Description>
			<Flags>
				<ParFlg_Child/>
			</Flags>
			<Value>0.411</Value>
		</Length>
		<Length Name="dk_frame_thk_transom">
			<Description><![CDATA[""]]></Description>
			<Flags>
				<ParFlg_Child/>
			</Flags>
			<Value>0.396</Value>
		</Length>
		<Length Name="dk_frame_thk_EZ">
			<Description><![CDATA[""]]></Description>
			<Flags>
				<ParFlg_Child/>
			</Flags>
			<Value>0.411</Value>
		</Length>
		<Length Name="bs_spiegel_br_bs">
			<Description><![CDATA[""]]></Description>
			<Flags>
				<ParFlg_Child/>
			</Flags>
			<Value>0.08</Value>
		</Length>
		<Length Name="bs_spiegel_br_bgs">
			<Description><![CDATA[""]]></Description>
			<Flags>
				<ParFlg_Child/>
			</Flags>
			<Value>0.11</Value>
		</Length>
		<Length Name="bs_spiegel_br_ob_bs">
			<Description><![CDATA[""]]></Description>
			<Flags>
				<ParFlg_Child/>
			</Flags>
			<Value>0.08</Value>
		</Length>
		<Length Name="bs_spiegel_br_ob_bgs">
			<Description><![CDATA[""]]></Description>
			<Flags>
				<ParFlg_Child/>
			</Flags>
			<Value>0.11</Value>
		</Length>
		<Length Name="bs_internal_rim_width">
			<Description><![CDATA[""]]></Description>
			<Flags>
				<ParFlg_Child/>
			</Flags>
			<Value>0.365</Value>
		</Length>
		<Integer Name="bs_folding_nmbr">
			<Description><![CDATA[""]]></Description>
			<Flags>
				<ParFlg_Child/>
			</Flags>
			<Value>2</Value>
		</Integer>
		<Length Name="gs_vb">
			<Description><![CDATA[""]]></Description>
			<Flags>
				<ParFlg_Child/>
				<ParFlg_Hidden/>
			</Flags>
			<Value>0.03</Value>
		</Length>
		<Length Name="gs_vt">
			<Description><![CDATA[""]]></Description>
			<Flags>
				<ParFlg_Child/>
				<ParFlg_Hidden/>
			</Flags>
			<Value>0.08</Value>
		</Length>
		<Length Name="dk_design_folding_depth">
			<Description><![CDATA[""]]></Description>
			<Flags>
				<ParFlg_Child/>
				<ParFlg_Hidden/>
			</Flags>
			<Value>0.015</Value>
		</Length>
		<Length Name="dk_folding_dimensions">
			<Description><![CDATA[""]]></Description>
			<Flags>
				<ParFlg_Child/>
				<ParFlg_Hidden/>
			</Flags>
			<ArrayValues FirstDimension="2" SecondDimension="2">
				<AVal Column="1" Row="1">0.02</AVal>
				<AVal Column="2" Row="1">0.015</AVal>
				<AVal Column="1" Row="2">0.005</AVal>
				<AVal Column="2" Row="2">0.0075</AVal>
			</ArrayValues>
		</Length>
		<Length Name="dk_frame_gasket_thk">
			<Description><![CDATA[""]]></Description>
			<Flags>
				<ParFlg_Child/>
			</Flags>
			<Value>0.008</Value>
		</Length>
		<Length Name="gs_fuge">
			<Description><![CDATA[""]]></Description>
			<Flags>
				<ParFlg_Child/>
			</Flags>
			<Value>0.01</Value>
		</Length>
		<Length Name="gs_ub_st1">
			<Description><![CDATA[""]]></Description>
			<Flags>
				<ParFlg_Child/>
			</Flags>
			<Value>0.01</Value>
		</Length>
		<Length Name="gs_ub_st2">
			<Description><![CDATA[""]]></Description>
			<Flags>
				<ParFlg_Child/>
			</Flags>
			<Value>0.023</Value>
		</Length>
		<String Name="bs_frame_surface_BS">
			<Description><![CDATA[""]]></Description>
			<Flags>
				<ParFlg_Child/>
			</Flags>
			<Value><![CDATA["FU"]]></Value>
		</String>
		<String Name="bs_frame_surface_BGS">
			<Description><![CDATA[""]]></Description>
			<Flags>
				<ParFlg_Child/>
			</Flags>
			<Value><![CDATA["FU"]]></Value>
		</String>
		<String Name="bs_frame_colour_BS">
			<Description><![CDATA[""]]></Description>
			<Flags>
				<ParFlg_Child/>
			</Flags>
			<Value><![CDATA["Eiche"]]></Value>
		</String>
		<String Name="bs_frame_colour_BGS">
			<Description><![CDATA[""]]></Description>
			<Flags>
				<ParFlg_Child/>
			</Flags>
			<Value><![CDATA["Eiche"]]></Value>
		</String>
		<Length Name="bz_tiefe">
			<Description><![CDATA[""]]></Description>
			<Flags>
				<ParFlg_Child/>
			</Flags>
			<Value>0.15</Value>
		</Length>
		<Integer Name="bz_typ_einzug">
			<Description><![CDATA[""]]></Description>
			<Flags>
				<ParFlg_Child/>
				<ParFlg_Hidden/>
			</Flags>
			<Value>1</Value>
		</Integer>
		<Length Name="bz_einzug">
			<Description><![CDATA[""]]></Description>
			<Flags>
				<ParFlg_Child/>
			</Flags>
			<Value>0.02</Value>
		</Length>
		<Length Name="wall_shell_thk_1">
			<Description><![CDATA[""]]></Description>
			<Flags>
				<ParFlg_Child/>
			</Flags>
			<Value>0</Value>
		</Length>
		<Length Name="wall_shell_thk_2">
			<Description><![CDATA[""]]></Description>
			<Flags>
				<ParFlg_Child/>
			</Flags>
			<Value>0</Value>
		</Length>
		<Boolean Name="gs_rev">
			<Description><![CDATA[""]]></Description>
			<Flags>
				<ParFlg_Child/>
				<ParFlg_Hidden/>
			</Flags>
			<Value>1</Value>
		</Boolean>

		<!-- gs_sidelight: PARAMETER BLOCK ===== PARAMETER BLOCK ===== PARAMETER BLOCK ===== PARAMETER BLOCK -->

		<Title Name="gs_sidelight">
			<Description><![CDATA[""]]></Description>
		</Title>
		<Boolean Name="bDiffSidelightWidth">
			<Description><![CDATA[""]]></Description>
			<Flags>
				<ParFlg_Child/>
				<ParFlg_Hidden/>
			</Flags>
			<Value>0</Value>
		</Boolean>
		<Length Name="gs_sidelight_width_left">
			<Description><![CDATA[""]]></Description>
			<Flags>
				<ParFlg_Child/>
			</Flags>
			<Value>1.15</Value>
		</Length>
		<Length Name="gs_sidelight_width_right">
			<Description><![CDATA[""]]></Description>
			<Flags>
				<ParFlg_Child/>
			</Flags>
			<Value>0.59</Value>
		</Length>
		<Length Name="glazingWidthLeft">
			<Description><![CDATA[""]]></Description>
			<Flags>
				<ParFlg_Child/>
				<ParFlg_Hidden/>
			</Flags>
			<Value>0.635</Value>
		</Length>
		<Length Name="glazingWidthRight">
			<Description><![CDATA[""]]></Description>
			<Flags>
				<ParFlg_Child/>
				<ParFlg_Hidden/>
			</Flags>
			<Value>0.635</Value>
		</Length>
		<Length Name="glazingHeight">
			<Description><![CDATA[""]]></Description>
			<Flags>
				<ParFlg_Child/>
				<ParFlg_Hidden/>
			</Flags>
			<Value>2.395</Value>
		</Length>
		<Length Name="glazingHeight2">
			<Description><![CDATA[""]]></Description>
			<Flags>
				<ParFlg_Child/>
				<ParFlg_Hidden/>
			</Flags>
			<Value>2.095</Value>
		</Length>
		<Integer Name="dk_sidelight_transom1">
			<Description><![CDATA[""]]></Description>
			<Flags>
				<ParFlg_Child/>
				<ParFlg_Hidden/>
			</Flags>
			<Value>0</Value>
		</Integer>
		<Integer Name="dk_sidelight_transom2">
			<Description><![CDATA[""]]></Description>
			<Flags>
				<ParFlg_Child/>
				<ParFlg_Hidden/>
			</Flags>
			<Value>0</Value>
		</Integer>
		<Length Name="gs_frame_width_transom_sl">
			<Description><![CDATA[""]]></Description>
			<Flags>
				<ParFlg_Child/>
				<ParFlg_Hidden/>
			</Flags>
			<Value>0.06</Value>
		</Length>
		<Length Name="gs_frame_width_upper_sl">
			<Description><![CDATA[""]]></Description>
			<Flags>
				<ParFlg_Child/>
				<ParFlg_Hidden/>
			</Flags>
			<Value>0.1</Value>
		</Length>
		<Length Name="bs_sidelight_filling_thk1">
			<Description><![CDATA[""]]></Description>
			<Flags>
				<ParFlg_Child/>
			</Flags>
			<Value>0.008</Value>
		</Length>
		<Length Name="bs_sidelight_filling_thk2">
			<Description><![CDATA[""]]></Description>
			<Flags>
				<ParFlg_Child/>
			</Flags>
			<Value>0.008</Value>
		</Length>
		<String Name="dk_sidelight_filling">
			<Description><![CDATA[""]]></Description>
			<Flags>
				<ParFlg_Child/>
				<ParFlg_Hidden/>
			</Flags>
			<ArrayValues FirstDimension="3" SecondDimension="0">
				<AVal Row="1"><![CDATA["G1"]]></AVal>
				<AVal Row="2"><![CDATA["G1"]]></AVal>
				<AVal Row="3"><![CDATA["G1"]]></AVal>
			</ArrayValues>
		</String>

		<!-- gs_fanlight: PARAMETER BLOCK ===== PARAMETER BLOCK ===== PARAMETER BLOCK ===== PARAMETER BLOCK -->

		<Title Name="gs_fanlight">
			<Description><![CDATA[""]]></Description>
		</Title>
		<Length Name="gs_transom_height">
			<Description><![CDATA[""]]></Description>
			<Flags>
				<ParFlg_Child/>
				<ParFlg_Hidden/>
			</Flags>
			<Value>0.4</Value>
		</Length>
		<Integer Name="bs_fanlight_division">
			<Description><![CDATA[""]]></Description>
			<Flags>
				<ParFlg_Child/>
				<ParFlg_Hidden/>
			</Flags>
			<Value>0</Value>
		</Integer>
		<Length Name="bs_fanlight_filling_thk">
			<Description><![CDATA[""]]></Description>
			<Flags>
				<ParFlg_Child/>
			</Flags>
			<Value>0.008</Value>
		</Length>

		<!-- gs_door_panel: PARAMETER BLOCK ===== PARAMETER BLOCK ===== PARAMETER BLOCK ===== PARAMETER BLOCK -->

		<Title Name="gs_door_panel">
			<Description><![CDATA[""]]></Description>
		</Title>
		<String Name="bs_panel_type">
			<Description><![CDATA[""]]></Description>
			<Flags>
				<ParFlg_Child/>
			</Flags>
			<Value><![CDATA["VB"]]></Value>
		</String>
		<Integer Name="iDoorPanelType">
			<Description><![CDATA[""]]></Description>
			<Flags>
				<ParFlg_Child/>
				<ParFlg_Hidden/>
			</Flags>
			<Value>27</Value>
		</Integer>
		<Integer Name="iDoorPanelType2">
			<Description><![CDATA[""]]></Description>
			<Flags>
				<ParFlg_Child/>
				<ParFlg_Hidden/>
			</Flags>
			<Value>27</Value>
		</Integer>
		<String Name="bs_panel_material">
			<Description><![CDATA[""]]></Description>
			<Flags>
				<ParFlg_Child/>
			</Flags>
			<Value><![CDATA["HO"]]></Value>
		</String>
		<String Name="bs_panel_manufacturer">
			<Description><![CDATA[""]]></Description>
			<Flags>
				<ParFlg_Child/>
			</Flags>
			<Value><![CDATA[""]]></Value>
		</String>
		<String Name="gs_cust_panel">
			<Description><![CDATA[""]]></Description>
			<Flags>
				<ParFlg_Child/>
			</Flags>
			<Value><![CDATA[""]]></Value>
		</String>
		<String Name="gs_cust_panel2">
			<Description><![CDATA[""]]></Description>
			<Flags>
				<ParFlg_Child/>
			</Flags>
			<Value><![CDATA[""]]></Value>
		</String>
		<String Name="bs_panel_model">
			<Description><![CDATA[""]]></Description>
			<Flags>
				<ParFlg_Child/>
			</Flags>
			<Value><![CDATA[""]]></Value>
		</String>
		<Integer Name="dk_panel_segments">
			<Description><![CDATA[""]]></Description>
			<Flags>
				<ParFlg_Child/>
			</Flags>
			<Value>0</Value>
		</Integer>
		<Integer Name="dk_mainpanel_design">
			<Description><![CDATA[""]]></Description>
			<Flags>
				<ParFlg_Child/>
			</Flags>
			<Value>0</Value>
		</Integer>
		<Integer Name="dk_panel_division">
			<Description><![CDATA[""]]></Description>
			<Flags>
				<ParFlg_Child/>
				<ParFlg_Hidden/>
			</Flags>
			<ArrayValues FirstDimension="3" SecondDimension="2">
				<AVal Column="1" Row="1">0</AVal>
				<AVal Column="2" Row="1">0</AVal>
				<AVal Column="1" Row="2">0</AVal>
				<AVal Column="2" Row="2">0</AVal>
				<AVal Column="1" Row="3">0</AVal>
				<AVal Column="2" Row="3">0</AVal>
			</ArrayValues>
		</Integer>
		<Integer Name="dk_panel_bar">
			<Description><![CDATA[""]]></Description>
			<Flags>
				<ParFlg_Child/>
				<ParFlg_Hidden/>
			</Flags>
			<ArrayValues FirstDimension="3" SecondDimension="2">
				<AVal Column="1" Row="1">0</AVal>
				<AVal Column="2" Row="1">0</AVal>
				<AVal Column="1" Row="2">0</AVal>
				<AVal Column="2" Row="2">0</AVal>
				<AVal Column="1" Row="3">0</AVal>
				<AVal Column="2" Row="3">0</AVal>
			</ArrayValues>
		</Integer>
		<String Name="dk_panel_filling">
			<Description><![CDATA[""]]></Description>
			<Flags>
				<ParFlg_Child/>
				<ParFlg_Hidden/>
			</Flags>
			<ArrayValues FirstDimension="3" SecondDimension="0">
				<AVal Row="1"><![CDATA["G1"]]></AVal>
				<AVal Row="2"><![CDATA["K1"]]></AVal>
				<AVal Row="3"><![CDATA["K1"]]></AVal>
			</ArrayValues>
		</String>
		<String Name="dk_panel_strips">
			<Description><![CDATA[""]]></Description>
			<Flags>
				<ParFlg_Child/>
				<ParFlg_Hidden/>
			</Flags>
			<Value><![CDATA["0"]]></Value>
		</String>
		<String Name="dk_panel_bandings">
			<Description><![CDATA[""]]></Description>
			<Flags>
				<ParFlg_Child/>
			</Flags>
			<Value><![CDATA["K"]]></Value>
		</String>
		<String Name="bs_panel_surface_BS">
			<Description><![CDATA[""]]></Description>
			<Flags>
				<ParFlg_Child/>
			</Flags>
			<Value><![CDATA["FU"]]></Value>
		</String>
		<String Name="bs_panel_surface_BGS">
			<Description><![CDATA[""]]></Description>
			<Flags>
				<ParFlg_Child/>
			</Flags>
			<Value><![CDATA["FU"]]></Value>
		</String>
		<String Name="bs_panel_surface_KA">
			<Description><![CDATA[""]]></Description>
			<Flags>
				<ParFlg_Child/>
			</Flags>
			<Value><![CDATA["FU"]]></Value>
		</String>
		<Integer Name="bs_spyhole">
			<Description><![CDATA[""]]></Description>
			<Flags>
				<ParFlg_Child/>
			</Flags>
			<Value>0</Value>
		</Integer>
		<String Name="bs_panel_colour_BS">
			<Description><![CDATA[""]]></Description>
			<Flags>
				<ParFlg_Child/>
			</Flags>
			<Value><![CDATA["Eiche"]]></Value>
		</String>
		<String Name="bs_panel_colour_BGS">
			<Description><![CDATA[""]]></Description>
			<Flags>
				<ParFlg_Child/>
			</Flags>
			<Value><![CDATA["Eiche"]]></Value>
		</String>
		<String Name="bs_panel_colour_KA">
			<Description><![CDATA[""]]></Description>
			<Flags>
				<ParFlg_Child/>
			</Flags>
			<Value><![CDATA["Eiche"]]></Value>
		</String>
		<Integer Name="dk_panel_segments2">
			<Description><![CDATA[""]]></Description>
			<Flags>
				<ParFlg_Child/>
			</Flags>
			<Value>0</Value>
		</Integer>
		<Integer Name="dk_mainpanel_design2">
			<Description><![CDATA[""]]></Description>
			<Flags>
				<ParFlg_Child/>
			</Flags>
			<Value>0</Value>
		</Integer>
		<Integer Name="dk_panel_division2">
			<Description><![CDATA[""]]></Description>
			<Flags>
				<ParFlg_Child/>
				<ParFlg_Hidden/>
			</Flags>
			<ArrayValues FirstDimension="3" SecondDimension="2">
				<AVal Column="1" Row="1">0</AVal>
				<AVal Column="2" Row="1">0</AVal>
				<AVal Column="1" Row="2">0</AVal>
				<AVal Column="2" Row="2">0</AVal>
				<AVal Column="1" Row="3">0</AVal>
				<AVal Column="2" Row="3">0</AVal>
			</ArrayValues>
		</Integer>
		<Integer Name="dk_panel_bar2">
			<Description><![CDATA[""]]></Description>
			<Flags>
				<ParFlg_Child/>
				<ParFlg_Hidden/>
			</Flags>
			<ArrayValues FirstDimension="3" SecondDimension="2">
				<AVal Column="1" Row="1">0</AVal>
				<AVal Column="2" Row="1">0</AVal>
				<AVal Column="1" Row="2">0</AVal>
				<AVal Column="2" Row="2">0</AVal>
				<AVal Column="1" Row="3">0</AVal>
				<AVal Column="2" Row="3">0</AVal>
			</ArrayValues>
		</Integer>
		<String Name="dk_panel_filling2">
			<Description><![CDATA[""]]></Description>
			<Flags>
				<ParFlg_Child/>
				<ParFlg_Hidden/>
			</Flags>
			<ArrayValues FirstDimension="3" SecondDimension="0">
				<AVal Row="1"><![CDATA["G1"]]></AVal>
				<AVal Row="2"><![CDATA["K1"]]></AVal>
				<AVal Row="3"><![CDATA["K1"]]></AVal>
			</ArrayValues>
		</String>
		<Integer Name="dk_panel_strips2">
			<Description><![CDATA[""]]></Description>
			<Flags>
				<ParFlg_Child/>
				<ParFlg_Hidden/>
			</Flags>
			<Value>0</Value>
		</Integer>
		<String Name="bs_panel_surface2_BS">
			<Description><![CDATA[""]]></Description>
			<Flags>
				<ParFlg_Child/>
			</Flags>
			<Value><![CDATA["FU"]]></Value>
		</String>
		<String Name="bs_panel_surface2_BGS">
			<Description><![CDATA[""]]></Description>
			<Flags>
				<ParFlg_Child/>
			</Flags>
			<Value><![CDATA["FU"]]></Value>
		</String>
		<String Name="bs_panel_surface2_KA">
			<Description><![CDATA[""]]></Description>
			<Flags>
				<ParFlg_Child/>
			</Flags>
			<Value><![CDATA["FU"]]></Value>
		</String>
		<String Name="bs_panel_colour2_BS">
			<Description><![CDATA[""]]></Description>
			<Flags>
				<ParFlg_Child/>
			</Flags>
			<Value><![CDATA["Eiche"]]></Value>
		</String>
		<String Name="bs_panel_colour2_BGS">
			<Description><![CDATA[""]]></Description>
			<Flags>
				<ParFlg_Child/>
			</Flags>
			<Value><![CDATA["Eiche"]]></Value>
		</String>
		<String Name="bs_panel_colour2_KA">
			<Description><![CDATA[""]]></Description>
			<Flags>
				<ParFlg_Child/>
			</Flags>
			<Value><![CDATA["Eiche"]]></Value>
		</String>
		<RealNum Name="dk_estimatedWeight">
			<Description><![CDATA[""]]></Description>
			<Flags>
				<ParFlg_Child/>
			</Flags>
			<Value>120</Value>
		</RealNum>
		<RealNum Name="dk_estimatedWeight2">
			<Description><![CDATA[""]]></Description>
			<Flags>
				<ParFlg_Child/>
			</Flags>
			<Value>120</Value>
		</RealNum>

		<!-- gs_door_panel_filling: PARAMETER BLOCK ===== PARAMETER BLOCK ===== PARAMETER BLOCK ===== PARAMETER BLOCK -->

		<Title Name="gs_door_panel_filling">
			<Description><![CDATA[""]]></Description>
		</Title>

		<!-- gs_door_frame_panel: PARAMETER BLOCK ===== PARAMETER BLOCK ===== PARAMETER BLOCK ===== PARAMETER BLOCK -->

		<Title Name="gs_door_frame_panel">
			<Description><![CDATA[""]]></Description>
		</Title>
		<Boolean Name="symm">
			<Description><![CDATA[""]]></Description>
			<Flags>
				<ParFlg_Child/>
				<ParFlg_Hidden/>
			</Flags>
			<Value>1</Value>
		</Boolean>
		<Length Name="gs_SecondLeaf_w">
			<Description><![CDATA[""]]></Description>
			<Flags>
				<ParFlg_Child/>
			</Flags>
			<Value>0.979</Value>
		</Length>
		<Length Name="dk_panel_division_bottom">
			<Description><![CDATA[""]]></Description>
			<Flags>
				<ParFlg_Child/>
				<ParFlg_Hidden/>
			</Flags>
			<Value>0.85</Value>
		</Length>
		<Length Name="dk_panel_division_top">
			<Description><![CDATA[""]]></Description>
			<Flags>
				<ParFlg_Child/>
				<ParFlg_Hidden/>
			</Flags>
			<Value>1.3</Value>
		</Length>
		<Integer Name="dk_panel_folding_ancor">
			<Description><![CDATA[""]]></Description>
			<Flags>
				<ParFlg_Child/>
				<ParFlg_Hidden/>
			</Flags>
			<Value>2</Value>
		</Integer>
		<Integer Name="dk_panel_folding_nmbr">
			<Description><![CDATA[""]]></Description>
			<Flags>
				<ParFlg_Child/>
			</Flags>
			<Value>1</Value>
		</Integer>
		<Length Name="gapHeightUnderPanel">
			<Description><![CDATA[""]]></Description>
			<Flags>
				<ParFlg_Child/>
			</Flags>
			<Value>0.005</Value>
		</Length>
		<Length Name="gs_leaf_thk">
			<Description><![CDATA[""]]></Description>
			<Flags>
				<ParFlg_Child/>
			</Flags>
			<Value>0.08</Value>
		</Length>
		<Length Name="dk_panel_folding_dimensions">
			<Description><![CDATA[""]]></Description>
			<Flags>
				<ParFlg_Child/>
				<ParFlg_Hidden/>
			</Flags>
			<ArrayValues FirstDimension="3" SecondDimension="2">
				<AVal Column="1" Row="1">0.021</AVal>
				<AVal Column="2" Row="1">0.065</AVal>
				<AVal Column="1" Row="2">0.042</AVal>
				<AVal Column="2" Row="2">0.015</AVal>
				<AVal Column="1" Row="3">0.075</AVal>
				<AVal Column="2" Row="3">0.015</AVal>
			</ArrayValues>
		</Length>
		<Length Name="bs_leaf_oversize">
			<Description><![CDATA[""]]></Description>
			<Flags>
				<ParFlg_Child/>
			</Flags>
			<Value>0</Value>
		</Length>
		<Length Name="bs_leaf_overhang">
			<Description><![CDATA[""]]></Description>
			<Flags>
				<ParFlg_Child/>
			</Flags>
			<Value>0</Value>
		</Length>
		<Length Name="dk_leaf_bandings_width">
			<Description><![CDATA[""]]></Description>
			<Flags>
				<ParFlg_Child/>
				<ParFlg_Hidden/>
			</Flags>
			<Value>0.01</Value>
		</Length>
		<Length Name="bs_ancor_panel_BS">
			<Description><![CDATA[""]]></Description>
			<Flags>
				<ParFlg_Child/>
				<ParFlg_Hidden/>
			</Flags>
			<Value>0</Value>
		</Length>
		<Length Name="bs_ancor_panel_top">
			<Description><![CDATA[""]]></Description>
			<Flags>
				<ParFlg_Child/>
				<ParFlg_Hidden/>
			</Flags>
			<Value>0</Value>
		</Length>
		<Integer Name="dk_filling_position">
			<Description><![CDATA[""]]></Description>
			<Flags>
				<ParFlg_Child/>
				<ParFlg_Hidden/>
			</Flags>
			<Value>0</Value>
		</Integer>
		<Length Name="dk_panel_fill_offset">
			<Description><![CDATA[""]]></Description>
			<Flags>
				<ParFlg_Child/>
			</Flags>
			<Value>0</Value>
		</Length>
		<Length Name="dk_panel_filling_thk">
			<Description><![CDATA[""]]></Description>
			<Flags>
				<ParFlg_Child/>
				<ParFlg_Hidden/>
			</Flags>
			<ArrayValues FirstDimension="3" SecondDimension="0">
				<AVal Row="1">0.008</AVal>
				<AVal Row="2">0.025</AVal>
				<AVal Row="3">0.025</AVal>
			</ArrayValues>
		</Length>
		<Length Name="leafFrWidthLeft">
			<Description><![CDATA[""]]></Description>
			<Flags>
				<ParFlg_Child/>
				<ParFlg_Hidden/>
			</Flags>
			<Value>0.16</Value>
		</Length>
		<Length Name="leafFrWidthRight">
			<Description><![CDATA[""]]></Description>
			<Flags>
				<ParFlg_Child/>
				<ParFlg_Hidden/>
			</Flags>
			<Value>0.16</Value>
		</Length>
		<Length Name="leafFrWidthBottom">
			<Description><![CDATA[""]]></Description>
			<Flags>
				<ParFlg_Child/>
				<ParFlg_Hidden/>
			</Flags>
			<Value>0.22</Value>
		</Length>
		<Length Name="leafFrWidthTop">
			<Description><![CDATA[""]]></Description>
			<Flags>
				<ParFlg_Child/>
				<ParFlg_Hidden/>
			</Flags>
			<Value>0.16</Value>
		</Length>
		<Length Name="mullWidth">
			<Description><![CDATA[""]]></Description>
			<Flags>
				<ParFlg_Child/>
				<ParFlg_Hidden/>
			</Flags>
			<Value>0.022</Value>
		</Length>
		<Length Name="mullThickness">
			<Description><![CDATA[""]]></Description>
			<Flags>
				<ParFlg_Child/>
				<ParFlg_Hidden/>
			</Flags>
			<Value>0.0125</Value>
		</Length>
		<Length Name="dk_leafFrWidthHorizontal">
			<Description><![CDATA[""]]></Description>
			<Flags>
				<ParFlg_Child/>
				<ParFlg_Hidden/>
			</Flags>
			<Value>0.16</Value>
		</Length>
		<Length Name="dk_leafFrWidthVertical">
			<Description><![CDATA[""]]></Description>
			<Flags>
				<ParFlg_Child/>
				<ParFlg_Hidden/>
			</Flags>
			<Value>0.16</Value>
		</Length>
		<Length Name="dk_arch_height">
			<Description><![CDATA[""]]></Description>
			<Flags>
				<ParFlg_Child/>
				<ParFlg_Hidden/>
			</Flags>
			<Value>0</Value>
		</Length>
		<Integer Name="bs_panel_folding_nmbr">
			<Description><![CDATA[""]]></Description>
			<Flags>
				<ParFlg_Child/>
			</Flags>
			<Value>1</Value>
		</Integer>
		<Length Name="dk_panel_folding_gap">
			<Description><![CDATA[""]]></Description>
			<Flags>
				<ParFlg_Child/>
			</Flags>
			<Value>0.004</Value>
		</Length>
		<Length Name="dk_panel_folding_gap2">
			<Description><![CDATA[""]]></Description>
			<Flags>
				<ParFlg_Child/>
			</Flags>
			<Value>0.006</Value>
		</Length>
		<Length Name="dk_panel_division_bottom2">
			<Description><![CDATA[""]]></Description>
			<Flags>
				<ParFlg_Child/>
				<ParFlg_Hidden/>
			</Flags>
			<Value>0.85</Value>
		</Length>
		<Length Name="dk_panel_division_top2">
			<Description><![CDATA[""]]></Description>
			<Flags>
				<ParFlg_Child/>
				<ParFlg_Hidden/>
			</Flags>
			<Value>1.3</Value>
		</Length>
		<Length Name="dk_panel_filling_thk2">
			<Description><![CDATA[""]]></Description>
			<Flags>
				<ParFlg_Child/>
				<ParFlg_Hidden/>
			</Flags>
			<ArrayValues FirstDimension="3" SecondDimension="0">
				<AVal Row="1">0.008</AVal>
				<AVal Row="2">0.025</AVal>
				<AVal Row="3">0.025</AVal>
			</ArrayValues>
		</Length>
		<Length Name="leafFrWidthLeft2">
			<Description><![CDATA[""]]></Description>
			<Flags>
				<ParFlg_Child/>
				<ParFlg_Hidden/>
			</Flags>
			<Value>0.16</Value>
		</Length>
		<Length Name="leafFrWidthRight2">
			<Description><![CDATA[""]]></Description>
			<Flags>
				<ParFlg_Child/>
				<ParFlg_Hidden/>
			</Flags>
			<Value>0.16</Value>
		</Length>
		<Length Name="leafFrWidthBottom2">
			<Description><![CDATA[""]]></Description>
			<Flags>
				<ParFlg_Child/>
				<ParFlg_Hidden/>
			</Flags>
			<Value>0.16</Value>
		</Length>
		<Length Name="leafFrWidthTop2">
			<Description><![CDATA[""]]></Description>
			<Flags>
				<ParFlg_Child/>
				<ParFlg_Hidden/>
			</Flags>
			<Value>0.16</Value>
		</Length>
		<Length Name="mullWidth2">
			<Description><![CDATA[""]]></Description>
			<Flags>
				<ParFlg_Child/>
				<ParFlg_Hidden/>
			</Flags>
			<Value>0.025</Value>
		</Length>
		<Length Name="mullThickness2">
			<Description><![CDATA[""]]></Description>
			<Flags>
				<ParFlg_Child/>
				<ParFlg_Hidden/>
			</Flags>
			<Value>0.025</Value>
		</Length>
		<Length Name="dk_leafFrWidthHorizontal2">
			<Description><![CDATA[""]]></Description>
			<Flags>
				<ParFlg_Child/>
				<ParFlg_Hidden/>
			</Flags>
			<Value>0.16</Value>
		</Length>
		<Length Name="dk_leafFrWidthVertical2">
			<Description><![CDATA[""]]></Description>
			<Flags>
				<ParFlg_Child/>
				<ParFlg_Hidden/>
			</Flags>
			<Value>0.16</Value>
		</Length>
		<Length Name="dk_arch_height2">
			<Description><![CDATA[""]]></Description>
			<Flags>
				<ParFlg_Child/>
				<ParFlg_Hidden/>
			</Flags>
			<Value>0.1</Value>
		</Length>

		<!-- gs_door_handle: PARAMETER BLOCK ===== PARAMETER BLOCK ===== PARAMETER BLOCK ===== PARAMETER BLOCK -->

		<Title Name="gs_door_handle">
			<Description><![CDATA[""]]></Description>
		</Title>
		<String Name="bs_handle_product_line">
			<Description><![CDATA[""]]></Description>
			<Flags>
				<ParFlg_Child/>
			</Flags>
			<Value><![CDATA["OGRO"]]></Value>
		</String>
		<String Name="gs_handle_type">
			<Description><![CDATA[""]]></Description>
			<Flags>
				<ParFlg_Child/>
			</Flags>
			<Value><![CDATA["DR"]]></Value>
		</String>
		<String Name="bs_handle_model">
			<Description><![CDATA[""]]></Description>
			<Flags>
				<ParFlg_Child/>
			</Flags>
			<Value><![CDATA["8103"]]></Value>
		</String>
		<String Name="gs_cust_handle">
			<Description><![CDATA[""]]></Description>
			<Flags>
				<ParFlg_Child/>
			</Flags>
			<Value><![CDATA[""]]></Value>
		</String>
		<String Name="bs_handle_orientation">
			<Description><![CDATA[""]]></Description>
			<Flags>
				<ParFlg_Child/>
			</Flags>
			<Value><![CDATA["W"]]></Value>
		</String>
		<String Name="bs_handle_braille">
			<Description><![CDATA[""]]></Description>
			<Flags>
				<ParFlg_Child/>
			</Flags>
			<Value><![CDATA[""]]></Value>
		</String>
		<String Name="bs_handle_material">
			<Description><![CDATA[""]]></Description>
			<Flags>
				<ParFlg_Child/>
			</Flags>
			<Value><![CDATA["ES"]]></Value>
		</String>
		<String Name="bs_handle_surface">
			<Description><![CDATA[""]]></Description>
			<Flags>
				<ParFlg_Child/>
			</Flags>
			<Value><![CDATA[" "]]></Value>
		</String>
		<String Name="gs_handle_type2">
			<Description><![CDATA[""]]></Description>
			<Flags>
				<ParFlg_Child/>
			</Flags>
			<Value><![CDATA["DR"]]></Value>
		</String>
		<String Name="bs_handle_model2">
			<Description><![CDATA[""]]></Description>
			<Flags>
				<ParFlg_Child/>
			</Flags>
			<Value><![CDATA["8103"]]></Value>
		</String>
		<String Name="gs_cust_handle2">
			<Description><![CDATA[""]]></Description>
			<Flags>
				<ParFlg_Child/>
			</Flags>
			<Value><![CDATA[""]]></Value>
		</String>
		<String Name="bs_handle_orientation2">
			<Description><![CDATA[""]]></Description>
			<Flags>
				<ParFlg_Child/>
			</Flags>
			<Value><![CDATA["W"]]></Value>
		</String>
		<String Name="bs_handle_braille2">
			<Description><![CDATA[""]]></Description>
			<Flags>
				<ParFlg_Child/>
			</Flags>
			<Value><![CDATA[""]]></Value>
		</String>
		<String Name="bs_handle_material2">
			<Description><![CDATA[""]]></Description>
			<Flags>
				<ParFlg_Child/>
			</Flags>
			<Value><![CDATA["ES"]]></Value>
		</String>
		<String Name="bs_handle_surface2">
			<Description><![CDATA[""]]></Description>
			<Flags>
				<ParFlg_Child/>
			</Flags>
			<Value><![CDATA[" "]]></Value>
		</String>
		<String Name="gs_handle_type3">
			<Description><![CDATA[""]]></Description>
			<Flags>
				<ParFlg_Child/>
			</Flags>
			<Value><![CDATA["DR"]]></Value>
		</String>
		<String Name="bs_handle_model3">
			<Description><![CDATA[""]]></Description>
			<Flags>
				<ParFlg_Child/>
			</Flags>
			<Value><![CDATA["8103"]]></Value>
		</String>
		<String Name="gs_cust_handle3">
			<Description><![CDATA[""]]></Description>
			<Flags>
				<ParFlg_Child/>
			</Flags>
			<Value><![CDATA[""]]></Value>
		</String>
		<Integer Name="gs_handle_side3">
			<Description><![CDATA[""]]></Description>
			<Flags>
				<ParFlg_Child/>
			</Flags>
			<Value>1</Value>
		</Integer>
		<String Name="bs_handle_orientation3">
			<Description><![CDATA[""]]></Description>
			<Flags>
				<ParFlg_Child/>
			</Flags>
			<Value><![CDATA["So"]]></Value>
		</String>
		<String Name="bs_handle_material3">
			<Description><![CDATA[""]]></Description>
			<Flags>
				<ParFlg_Child/>
			</Flags>
			<Value><![CDATA["ES"]]></Value>
		</String>
		<String Name="bs_handle_surface3">
			<Description><![CDATA[""]]></Description>
			<Flags>
				<ParFlg_Child/>
			</Flags>
			<Value><![CDATA[" "]]></Value>
		</String>
		<Length Name="gs_han_height">
			<Description><![CDATA[""]]></Description>
			<Flags>
				<ParFlg_Child/>
			</Flags>
			<Value>1.05</Value>
		</Length>
		<Length Name="gs_han_height2">
			<Description><![CDATA[""]]></Description>
			<Flags>
				<ParFlg_Child/>
			</Flags>
			<Value>1.05</Value>
		</Length>

		<!-- gs_doorplate: PARAMETER BLOCK ===== PARAMETER BLOCK ===== PARAMETER BLOCK ===== PARAMETER BLOCK -->

		<Title Name="gs_doorplate">
			<Description><![CDATA[""]]></Description>
		</Title>
		<String Name="bs_doorplate_product_line">
			<Description><![CDATA[""]]></Description>
			<Flags>
				<ParFlg_Child/>
			</Flags>
			<Value><![CDATA[""]]></Value>
		</String>
		<String Name="bs_doorplate1">
			<Description><![CDATA[""]]></Description>
			<Flags>
				<ParFlg_Child/>
			</Flags>
			<Value><![CDATA["650x + 6612"]]></Value>
		</String>
		<String Name="bs_doorplate_model1">
			<Description><![CDATA[""]]></Description>
			<Flags>
				<ParFlg_Child/>
			</Flags>
			<Value><![CDATA["Aus"]]></Value>
		</String>
		<String Name="bs_closure1">
			<Description><![CDATA[""]]></Description>
			<Flags>
				<ParFlg_Child/>
			</Flags>
			<Value><![CDATA["PZ"]]></Value>
		</String>
		<String Name="bs_doorplate_material1">
			<Description><![CDATA[""]]></Description>
			<Flags>
				<ParFlg_Child/>
			</Flags>
			<Value><![CDATA[" "]]></Value>
		</String>
		<String Name="bs_doorplate_surface1">
			<Description><![CDATA[""]]></Description>
			<Flags>
				<ParFlg_Child/>
			</Flags>
			<Value><![CDATA[" "]]></Value>
		</String>
		<String Name="bs_doorplate2">
			<Description><![CDATA[""]]></Description>
			<Flags>
				<ParFlg_Child/>
			</Flags>
			<Value><![CDATA["650x + 6612"]]></Value>
		</String>
		<String Name="bs_doorplate_model2">
			<Description><![CDATA[""]]></Description>
			<Flags>
				<ParFlg_Child/>
			</Flags>
			<Value><![CDATA["Aus"]]></Value>
		</String>
		<String Name="bs_closure2">
			<Description><![CDATA[""]]></Description>
			<Flags>
				<ParFlg_Child/>
			</Flags>
			<Value><![CDATA["PZ"]]></Value>
		</String>
		<String Name="bs_doorplate_material2">
			<Description><![CDATA[""]]></Description>
			<Flags>
				<ParFlg_Child/>
			</Flags>
			<Value><![CDATA[" "]]></Value>
		</String>
		<String Name="bs_doorplate_surface2">
			<Description><![CDATA[""]]></Description>
			<Flags>
				<ParFlg_Child/>
			</Flags>
			<Value><![CDATA[" "]]></Value>
		</String>
		<String Name="bs_doorplate3">
			<Description><![CDATA[""]]></Description>
			<Flags>
				<ParFlg_Child/>
			</Flags>
			<Value><![CDATA["650x"]]></Value>
		</String>
		<String Name="bs_doorplate_model3">
			<Description><![CDATA[""]]></Description>
			<Flags>
				<ParFlg_Child/>
			</Flags>
			<Value><![CDATA["Aus"]]></Value>
		</String>
		<String Name="bs_closure3">
			<Description><![CDATA[""]]></Description>
			<Flags>
				<ParFlg_Child/>
			</Flags>
			<Value><![CDATA["-"]]></Value>
		</String>
		<String Name="bs_doorplate_material3">
			<Description><![CDATA[""]]></Description>
			<Flags>
				<ParFlg_Child/>
			</Flags>
			<Value><![CDATA[" "]]></Value>
		</String>
		<String Name="bs_doorplate_surface3">
			<Description><![CDATA[""]]></Description>
			<Flags>
				<ParFlg_Child/>
			</Flags>
			<Value><![CDATA[" "]]></Value>
		</String>

		<!-- bs_door_case: PARAMETER BLOCK ===== PARAMETER BLOCK ===== PARAMETER BLOCK ===== PARAMETER BLOCK -->

		<Title Name="bs_door_case">
			<Description><![CDATA[""]]></Description>
		</Title>
		<String Name="bs_case_manufacturer">
			<Description><![CDATA[""]]></Description>
			<Flags>
				<ParFlg_Child/>
			</Flags>
			<Value><![CDATA[""]]></Value>
		</String>
		<String Name="bs_case_model">
			<Description><![CDATA[""]]></Description>
			<Flags>
				<ParFlg_Child/>
			</Flags>
			<Value><![CDATA[""]]></Value>
		</String>
		<String Name="bs_lock_type">
			<Description><![CDATA[""]]></Description>
			<Flags>
				<ParFlg_Child/>
			</Flags>
			<Value><![CDATA["FA"]]></Value>
		</String>
		<Length Name="gs_han_pos">
			<Description><![CDATA[""]]></Description>
			<Flags>
				<ParFlg_Child/>
			</Flags>
			<Value>0.06</Value>
		</Length>
		<Length Name="bs_case_hole">
			<Description><![CDATA[""]]></Description>
			<Flags>
				<ParFlg_Child/>
			</Flags>
			<Value>0.008</Value>
		</Length>
		<Length Name="bs_case_distance">
			<Description><![CDATA[""]]></Description>
			<Flags>
				<ParFlg_Child/>
			</Flags>
			<Value>0.072</Value>
		</Length>
		<Length Name="gs_han_pos2">
			<Description><![CDATA[""]]></Description>
			<Flags>
				<ParFlg_Child/>
			</Flags>
			<Value>0.06</Value>
		</Length>
		<Length Name="bs_case_hole2">
			<Description><![CDATA[""]]></Description>
			<Flags>
				<ParFlg_Child/>
			</Flags>
			<Value>0.008</Value>
		</Length>
		<Length Name="bs_case_distance2">
			<Description><![CDATA[""]]></Description>
			<Flags>
				<ParFlg_Child/>
			</Flags>
			<Value>0.072</Value>
		</Length>
		<String Name="bs_latch_plate">
			<Description><![CDATA[""]]></Description>
			<Flags>
				<ParFlg_Child/>
			</Flags>
			<Value><![CDATA["R"]]></Value>
		</String>
		<String Name="bs_case_material">
			<Description><![CDATA[""]]></Description>
			<Flags>
				<ParFlg_Child/>
			</Flags>
			<Value><![CDATA["ST"]]></Value>
		</String>
		<String Name="bs_case_surface">
			<Description><![CDATA[""]]></Description>
			<Flags>
				<ParFlg_Child/>
			</Flags>
			<Value><![CDATA["-"]]></Value>
		</String>
		<Integer Name="bs_lock_panic">
			<Description><![CDATA[""]]></Description>
			<Flags>
				<ParFlg_Child/>
			</Flags>
			<Value>0</Value>
		</Integer>
		<Integer Name="bs_lock_change">
			<Description><![CDATA[""]]></Description>
			<Flags>
				<ParFlg_Child/>
			</Flags>
			<Value>0</Value>
		</Integer>
		<String Name="bs_lock_system">
			<Description><![CDATA[""]]></Description>
			<Flags>
				<ParFlg_Child/>
			</Flags>
			<Value><![CDATA["1f"]]></Value>
		</String>
		<Integer Name="bs_selflocking">
			<Description><![CDATA[""]]></Description>
			<Flags>
				<ParFlg_Child/>
			</Flags>
			<Value>0</Value>
		</Integer>
		<Integer Name="bs_lock_SF">
			<Description><![CDATA[""]]></Description>
			<Flags>
				<ParFlg_Child/>
			</Flags>
			<Value>2</Value>
		</Integer>
		<Integer Name="bs_lock_master">
			<Description><![CDATA[""]]></Description>
			<Flags>
				<ParFlg_Child/>
			</Flags>
			<Value>0</Value>
		</Integer>
		<String Name="bs_locking_side">
			<Description><![CDATA[""]]></Description>
			<Flags>
				<ParFlg_Child/>
			</Flags>
			<Value><![CDATA["ZS"]]></Value>
		</String>
		<Integer Name="bs_lock_opener">
			<Description><![CDATA[""]]></Description>
			<Flags>
				<ParFlg_Child/>
			</Flags>
			<Value>0</Value>
		</Integer>
		<Integer Name="bs_lock_electric">
			<Description><![CDATA[""]]></Description>
			<Flags>
				<ParFlg_Child/>
			</Flags>
			<Value>0</Value>
		</Integer>

		<!-- bs_locking_system: PARAMETER BLOCK ===== PARAMETER BLOCK ===== PARAMETER BLOCK ===== PARAMETER BLOCK -->

		<Title Name="bs_locking_system">
			<Description><![CDATA[""]]></Description>
		</Title>
		<String Name="bs_access_control_type">
			<Description><![CDATA[""]]></Description>
			<Flags>
				<ParFlg_Child/>
			</Flags>
			<Value><![CDATA["-"]]></Value>
		</String>
		<String Name="bs_lock_barrel">
			<Description><![CDATA[""]]></Description>
			<Flags>
				<ParFlg_Child/>
			</Flags>
			<Value><![CDATA["-"]]></Value>
		</String>

		<!-- bs_door_pushbar: PARAMETER BLOCK ===== PARAMETER BLOCK ===== PARAMETER BLOCK ===== PARAMETER BLOCK -->

		<Title Name="bs_door_pushbar">
			<Description><![CDATA[""]]></Description>
		</Title>
		<String Name="bs_pushbar_BS">
			<Description><![CDATA[""]]></Description>
			<Flags>
				<ParFlg_Child/>
			</Flags>
			<Value><![CDATA["-"]]></Value>
		</String>
		<Length Name="bs_pushbar_posX_BS">
			<Description><![CDATA[""]]></Description>
			<Flags>
				<ParFlg_Child/>
			</Flags>
			<Value>0.2</Value>
		</Length>
		<Length Name="bs_pushbar_posY_BS">
			<Description><![CDATA[""]]></Description>
			<Flags>
				<ParFlg_Child/>
			</Flags>
			<Value>0.85</Value>
		</Length>
		<String Name="bs_pushbar_surface_BS">
			<Description><![CDATA[""]]></Description>
			<Flags>
				<ParFlg_Child/>
			</Flags>
			<Value><![CDATA["C"]]></Value>
		</String>
		<String Name="bs_pushbar_BGS">
			<Description><![CDATA[""]]></Description>
			<Flags>
				<ParFlg_Child/>
			</Flags>
			<Value><![CDATA["-"]]></Value>
		</String>
		<Length Name="bs_pushbar_posX_BGS">
			<Description><![CDATA[""]]></Description>
			<Flags>
				<ParFlg_Child/>
			</Flags>
			<Value>0.2</Value>
		</Length>
		<Length Name="bs_pushbar_posY_BGS">
			<Description><![CDATA[""]]></Description>
			<Flags>
				<ParFlg_Child/>
			</Flags>
			<Value>0.85</Value>
		</Length>
		<String Name="bs_pushbar_surface_BGS">
			<Description><![CDATA[""]]></Description>
			<Flags>
				<ParFlg_Child/>
			</Flags>
			<Value><![CDATA["C"]]></Value>
		</String>
		<Boolean Name="bs_pushbar_SF">
			<Description><![CDATA[""]]></Description>
			<Flags>
				<ParFlg_Child/>
			</Flags>
			<Value>0</Value>
		</Boolean>

		<!-- bs_door_closer: PARAMETER BLOCK ===== PARAMETER BLOCK ===== PARAMETER BLOCK ===== PARAMETER BLOCK -->

		<Title Name="bs_door_closer">
			<Description><![CDATA[""]]></Description>
		</Title>
		<String Name="bs_closer_type">
			<Description><![CDATA[""]]></Description>
			<Flags>
				<ParFlg_Child/>
			</Flags>
			<Value><![CDATA["OTS"]]></Value>
		</String>
		<String Name="bs_slider_system">
			<Description><![CDATA[""]]></Description>
			<Flags>
				<ParFlg_Child/>
			</Flags>
			<Value><![CDATA["G"]]></Value>
		</String>
		<String Name="bs_closer_manufacturer">
			<Description><![CDATA[""]]></Description>
			<Flags>
				<ParFlg_Child/>
			</Flags>
			<Value><![CDATA["Dormakaba"]]></Value>
		</String>
		<Integer Name="bs_closer2">
			<Description><![CDATA[""]]></Description>
			<Flags>
				<ParFlg_Child/>
			</Flags>
			<Value>7</Value>
		</Integer>
		<String Name="bs_closer_model">
			<Description><![CDATA[""]]></Description>
			<Flags>
				<ParFlg_Child/>
			</Flags>
			<Value><![CDATA["TS 93 GSR EN 5-7"]]></Value>
		</String>
		<String Name="bs_closer_model2">
			<Description><![CDATA[""]]></Description>
			<Flags>
				<ParFlg_Child/>
			</Flags>
			<Value><![CDATA["TS 93 GSR EN 5-7"]]></Value>
		</String>
		<String Name="bs_closer_orientation">
			<Description><![CDATA[""]]></Description>
			<Flags>
				<ParFlg_Child/>
			</Flags>
			<Value><![CDATA["BS"]]></Value>
		</String>
		<String Name="bs_closer_position">
			<Description><![CDATA[""]]></Description>
			<Flags>
				<ParFlg_Child/>
			</Flags>
			<Value><![CDATA["T"]]></Value>
		</String>
		<Integer Name="bs_closer_force">
			<Description><![CDATA[""]]></Description>
			<Flags>
				<ParFlg_Child/>
			</Flags>
			<Value>4</Value>
		</Integer>
		<Integer Name="bs_closer_force2">
			<Description><![CDATA[""]]></Description>
			<Flags>
				<ParFlg_Child/>
			</Flags>
			<Value>4</Value>
		</Integer>
		<String Name="bs_closer_delay">
			<Description><![CDATA[""]]></Description>
			<Flags>
				<ParFlg_Child/>
			</Flags>
			<Value><![CDATA["-"]]></Value>
		</String>
		<Boolean Name="bs_closing_order">
			<Description><![CDATA[""]]></Description>
			<Flags>
				<ParFlg_Child/>
			</Flags>
			<Value>1</Value>
		</Boolean>
		<Boolean Name="bs_opening_limitation">
			<Description><![CDATA[""]]></Description>
			<Flags>
				<ParFlg_Child/>
			</Flags>
			<Value>0</Value>
		</Boolean>
		<Boolean Name="bs_opening_limitation2">
			<Description><![CDATA[""]]></Description>
			<Flags>
				<ParFlg_Child/>
			</Flags>
			<Value>0</Value>
		</Boolean>
		<Boolean Name="bs_closer_damping">
			<Description><![CDATA[""]]></Description>
			<Flags>
				<ParFlg_Child/>
			</Flags>
			<Value>0</Value>
		</Boolean>
		<Boolean Name="bs_closer_damping2">
			<Description><![CDATA[""]]></Description>
			<Flags>
				<ParFlg_Child/>
			</Flags>
			<Value>0</Value>
		</Boolean>
		<Boolean Name="bs_closer_manual">
			<Description><![CDATA[""]]></Description>
			<Flags>
				<ParFlg_Child/>
			</Flags>
			<Value>0</Value>
		</Boolean>
		<String Name="bs_closer_actuator">
			<Description><![CDATA[""]]></Description>
			<Flags>
				<ParFlg_Child/>
			</Flags>
			<Value><![CDATA[""]]></Value>
		</String>
		<String Name="bs_closer_fix">
			<Description><![CDATA[""]]></Description>
			<Flags>
				<ParFlg_Child/>
			</Flags>
			<Value><![CDATA["-"]]></Value>
		</String>
		<String Name="bs_closer_fix2">
			<Description><![CDATA[""]]></Description>
			<Flags>
				<ParFlg_Child/>
			</Flags>
			<Value><![CDATA["-"]]></Value>
		</String>
		<String Name="bs_closer_material">
			<Description><![CDATA[""]]></Description>
			<Flags>
				<ParFlg_Child/>
			</Flags>
			<Value><![CDATA["ES"]]></Value>
		</String>
		<String Name="bs_closer_surface">
			<Description><![CDATA[""]]></Description>
			<Flags>
				<ParFlg_Child/>
			</Flags>
			<Value><![CDATA["-"]]></Value>
		</String>
		<Length Name="offsetHingePanelSurfaceBS">
			<Description><![CDATA[""]]></Description>
			<Flags>
				<ParFlg_Child/>
				<ParFlg_Unique/>
			</Flags>
			<Value>0</Value>
		</Length>
		<Length Name="HingePanelGap">
			<Description><![CDATA[""]]></Description>
			<Flags>
				<ParFlg_Child/>
				<ParFlg_Unique/>
			</Flags>
			<Value>0</Value>
		</Length>
		<Length Name="HingeEgressDistance">
			<Description><![CDATA[""]]></Description>
			<Flags>
				<ParFlg_Child/>
				<ParFlg_Unique/>
			</Flags>
			<Value>0</Value>
		</Length>
		<Length Name="HingeHingeDistance">
			<Description><![CDATA[""]]></Description>
			<Flags>
				<ParFlg_Child/>
				<ParFlg_Unique/>
			</Flags>
			<Value>0</Value>
		</Length>
		<Length Name="offsetFrameSurfaceBGS">
			<Description><![CDATA[""]]></Description>
			<Flags>
				<ParFlg_Child/>
				<ParFlg_Unique/>
			</Flags>
			<Value>0.075</Value>
		</Length>
		<Length Name="facingLintelBS">
			<Description><![CDATA[""]]></Description>
			<Flags>
				<ParFlg_Child/>
				<ParFlg_Unique/>
			</Flags>
			<Value>0.05</Value>
		</Length>
		<Length Name="facingLintelBGS">
			<Description><![CDATA[""]]></Description>
			<Flags>
				<ParFlg_Child/>
				<ParFlg_Unique/>
			</Flags>
			<Value>0.05</Value>
		</Length>
		<Length Name="frame2wallSurfaceBS">
			<Description><![CDATA[""]]></Description>
			<Flags>
				<ParFlg_Child/>
				<ParFlg_Unique/>
			</Flags>
			<Value>0</Value>
		</Length>
		<Length Name="frame2wallSurfaceBGS">
			<Description><![CDATA[""]]></Description>
			<Flags>
				<ParFlg_Child/>
				<ParFlg_Unique/>
			</Flags>
			<Value>0</Value>
		</Length>

		<!-- bs_door_hinge: PARAMETER BLOCK ===== PARAMETER BLOCK ===== PARAMETER BLOCK ===== PARAMETER BLOCK -->

		<Title Name="bs_door_hinge">
			<Description><![CDATA[""]]></Description>
		</Title>
		<String Name="bs_hinge_type">
			<Description><![CDATA[""]]></Description>
			<Flags>
				<ParFlg_Child/>
			</Flags>
			<Value><![CDATA["O3"]]></Value>
		</String>
		<String Name="bs_hinge_manufacturer">
			<Description><![CDATA[""]]></Description>
			<Flags>
				<ParFlg_Child/>
			</Flags>
			<Value><![CDATA[""]]></Value>
		</String>
		<String Name="bs_hinge_model">
			<Description><![CDATA[""]]></Description>
			<Flags>
				<ParFlg_Child/>
			</Flags>
			<Value><![CDATA[""]]></Value>
		</String>
		<String Name="bs_hinge_chuck">
			<Description><![CDATA[""]]></Description>
			<Flags>
				<ParFlg_Child/>
			</Flags>
			<Value><![CDATA["BA"]]></Value>
		</String>
		<String Name="bs_hinge_material">
			<Description><![CDATA[""]]></Description>
			<Flags>
				<ParFlg_Child/>
			</Flags>
			<Value><![CDATA["ES"]]></Value>
		</String>
		<String Name="bs_hinge_surface">
			<Description><![CDATA[""]]></Description>
			<Flags>
				<ParFlg_Child/>
			</Flags>
			<Value><![CDATA["B"]]></Value>
		</String>
		<String Name="bs_hinge_adjust">
			<Description><![CDATA[""]]></Description>
			<Flags>
				<ParFlg_Child/>
			</Flags>
			<Value><![CDATA["3D"]]></Value>
		</String>
		<Integer Name="bs_hinge_nmbr">
			<Description><![CDATA[""]]></Description>
			<Flags>
				<ParFlg_Child/>
			</Flags>
			<Value>2</Value>
		</Integer>
		<Length Name="bs_hinge_reel_diameter">
			<Description><![CDATA[""]]></Description>
			<Flags>
				<ParFlg_Child/>
			</Flags>
			<Value>0.02</Value>
		</Length>
		<Boolean Name="bs_hinge_DIN">
			<Description><![CDATA[""]]></Description>
			<Flags>
				<ParFlg_Child/>
			</Flags>
			<Value>1</Value>
		</Boolean>
		<Length Name="bs_hinge_pos1">
			<Description><![CDATA[""]]></Description>
			<Flags>
				<ParFlg_Child/>
			</Flags>
			<Value>0.237</Value>
		</Length>
		<Length Name="bs_hinge_pos2">
			<Description><![CDATA[""]]></Description>
			<Flags>
				<ParFlg_Child/>
			</Flags>
			<Value>1.435</Value>
		</Length>
		<Length Name="bs_hinge_pos3">
			<Description><![CDATA[""]]></Description>
			<Flags>
				<ParFlg_Child/>
			</Flags>
			<Value>0.35</Value>
		</Length>
		<Length Name="bs_hinge_pos4">
			<Description><![CDATA[""]]></Description>
			<Flags>
				<ParFlg_Child/>
			</Flags>
			<Value>0.35</Value>
		</Length>
		<Length Name="bs_hinge_height">
			<Description><![CDATA[""]]></Description>
			<Flags>
				<ParFlg_Child/>
			</Flags>
			<Value>0.16</Value>
		</Length>
		<Integer Name="bs_hinge_safety_pin">
			<Description><![CDATA[""]]></Description>
			<Flags>
				<ParFlg_Child/>
			</Flags>
			<Value>0</Value>
		</Integer>
		<Length Name="bs_hinge_fixture_width">
			<Description><![CDATA[""]]></Description>
			<Flags>
				<ParFlg_Child/>
			</Flags>
			<Value>0.05</Value>
		</Length>
		<Length Name="bs_hinge_fixture_height">
			<Description><![CDATA[""]]></Description>
			<Flags>
				<ParFlg_Child/>
			</Flags>
			<Value>0.03</Value>
		</Length>
		<Length Name="bs_ancor_hinge_X">
			<Description><![CDATA[""]]></Description>
			<Flags>
				<ParFlg_Child/>
			</Flags>
			<Value>5.55111512313e-016</Value>
		</Length>
		<Length Name="bs_ancor_hinge_Y">
			<Description><![CDATA[""]]></Description>
			<Flags>
				<ParFlg_Child/>
			</Flags>
			<Value>0.012</Value>
		</Length>

		<!-- bs_door_automation: PARAMETER BLOCK ===== PARAMETER BLOCK ===== PARAMETER BLOCK ===== PARAMETER BLOCK -->

		<Title Name="bs_door_automation">
			<Description><![CDATA[""]]></Description>
		</Title>
		<String Name="bs_automation_type">
			<Description><![CDATA[""]]></Description>
			<Flags>
				<ParFlg_Child/>
			</Flags>
			<Value><![CDATA["-"]]></Value>
		</String>
		<String Name="bs_automation_manufacturer">
			<Description><![CDATA[""]]></Description>
			<Flags>
				<ParFlg_Child/>
			</Flags>
			<Value><![CDATA["Dormakaba"]]></Value>
		</String>
		<String Name="bs_automation_model">
			<Description><![CDATA[""]]></Description>
			<Flags>
				<ParFlg_Child/>
			</Flags>
			<Value><![CDATA["-"]]></Value>
		</String>
		<String Name="bs_automation_model2">
			<Description><![CDATA[""]]></Description>
			<Flags>
				<ParFlg_Child/>
			</Flags>
			<Value><![CDATA["-"]]></Value>
		</String>
		<String Name="bs_automation_orientation">
			<Description><![CDATA[""]]></Description>
			<Flags>
				<ParFlg_Child/>
			</Flags>
			<Value><![CDATA["BS"]]></Value>
		</String>
		<Boolean Name="bs_hide_slider">
			<Description><![CDATA[""]]></Description>
			<Flags>
				<ParFlg_Child/>
			</Flags>
			<Value>0</Value>
		</Boolean>
		<String Name="bs_automation_material">
			<Description><![CDATA[""]]></Description>
			<Flags>
				<ParFlg_Child/>
			</Flags>
			<Value><![CDATA["ES"]]></Value>
		</String>
		<String Name="bs_automation_surface">
			<Description><![CDATA[""]]></Description>
			<Flags>
				<ParFlg_Child/>
			</Flags>
			<Value><![CDATA["N"]]></Value>
		</String>
		<String Name="bs_automation_activation_BS">
			<Description><![CDATA[""]]></Description>
			<Flags>
				<ParFlg_Child/>
			</Flags>
			<Value><![CDATA["S"]]></Value>
		</String>
		<String Name="bs_automation_activation_BGS">
			<Description><![CDATA[""]]></Description>
			<Flags>
				<ParFlg_Child/>
			</Flags>
			<Value><![CDATA["-"]]></Value>
		</String>

		<!-- bs_electrical_fixtures: PARAMETER BLOCK ===== PARAMETER BLOCK ===== PARAMETER BLOCK ===== PARAMETER BLOCK -->

		<Title Name="bs_electrical_fixtures">
			<Description><![CDATA[""]]></Description>
		</Title>

		<!-- gs_2D_representation: PARAMETER BLOCK ===== PARAMETER BLOCK ===== PARAMETER BLOCK ===== PARAMETER BLOCK -->

		<Title Name="gs_2D_representation">
			<Description><![CDATA[""]]></Description>
			<Flags>
				<ParFlg_Hidden/>
			</Flags>
		</Title>
		<FillPattern Name="dk_fills">
			<Description><![CDATA[""]]></Description>
			<Flags>
				<ParFlg_Child/>
				<ParFlg_Hidden/>
			</Flags>
			<ArrayValues FirstDimension="16" SecondDimension="0">
				<AVal Row="1">64</AVal>
				<AVal Row="2">71</AVal>
				<AVal Row="3">64</AVal>
				<AVal Row="4">64</AVal>
				<AVal Row="5">71</AVal>
				<AVal Row="6">64</AVal>
				<AVal Row="7">71</AVal>
				<AVal Row="8">71</AVal>
				<AVal Row="9">64</AVal>
				<AVal Row="10">71</AVal>
				<AVal Row="11">71</AVal>
				<AVal Row="12">65</AVal>
				<AVal Row="13">64</AVal>
				<AVal Row="14">64</AVal>
				<AVal Row="15">64</AVal>
				<AVal Row="16">64</AVal>
			</ArrayValues>
		</FillPattern>
		<PenColor Name="dk_cont_pens">
			<Description><![CDATA[""]]></Description>
			<Flags>
				<ParFlg_Child/>
				<ParFlg_Hidden/>
			</Flags>
			<ArrayValues FirstDimension="18" SecondDimension="0">
				<AVal Row="1">95</AVal>
				<AVal Row="2">2</AVal>
				<AVal Row="3">100</AVal>
				<AVal Row="4">100</AVal>
				<AVal Row="5">100</AVal>
				<AVal Row="6">100</AVal>
				<AVal Row="7">96</AVal>
				<AVal Row="8">96</AVal>
				<AVal Row="9">96</AVal>
				<AVal Row="10">95</AVal>
				<AVal Row="11">95</AVal>
				<AVal Row="12">95</AVal>
				<AVal Row="13">95</AVal>
				<AVal Row="14">95</AVal>
				<AVal Row="15">95</AVal>
				<AVal Row="16">100</AVal>
				<AVal Row="17">95</AVal>
				<AVal Row="18">95</AVal>
			</ArrayValues>
		</PenColor>
		<PenColor Name="dk_fill_pens">
			<Description><![CDATA[""]]></Description>
			<Flags>
				<ParFlg_Child/>
				<ParFlg_Hidden/>
			</Flags>
			<ArrayValues FirstDimension="16" SecondDimension="0">
				<AVal Row="1">93</AVal>
				<AVal Row="2">20</AVal>
				<AVal Row="3">70</AVal>
				<AVal Row="4">70</AVal>
				<AVal Row="5">20</AVal>
				<AVal Row="6">93</AVal>
				<AVal Row="7">70</AVal>
				<AVal Row="8">70</AVal>
				<AVal Row="9">70</AVal>
				<AVal Row="10">70</AVal>
				<AVal Row="11">70</AVal>
				<AVal Row="12">92</AVal>
				<AVal Row="13">70</AVal>
				<AVal Row="14">1</AVal>
				<AVal Row="15">20</AVal>
				<AVal Row="16">1</AVal>
			</ArrayValues>
		</PenColor>
		<PenColor Name="dk_bkg_pens">
			<Description><![CDATA[""]]></Description>
			<Flags>
				<ParFlg_Child/>
				<ParFlg_Hidden/>
			</Flags>
			<ArrayValues FirstDimension="16" SecondDimension="0">
				<AVal Row="1">91</AVal>
				<AVal Row="2">19</AVal>
				<AVal Row="3">0</AVal>
				<AVal Row="4">0</AVal>
				<AVal Row="5">19</AVal>
				<AVal Row="6">0</AVal>
				<AVal Row="7">0</AVal>
				<AVal Row="8">0</AVal>
				<AVal Row="9">91</AVal>
				<AVal Row="10">0</AVal>
				<AVal Row="11">0</AVal>
				<AVal Row="12">19</AVal>
				<AVal Row="13">0</AVal>
				<AVal Row="14">91</AVal>
				<AVal Row="15">19</AVal>
				<AVal Row="16">91</AVal>
			</ArrayValues>
		</PenColor>
		<LineType Name="dk_linetype">
			<Description><![CDATA[""]]></Description>
			<Flags>
				<ParFlg_Child/>
				<ParFlg_Hidden/>
			</Flags>
			<ArrayValues FirstDimension="5" SecondDimension="0">
				<AVal Row="1">21</AVal>
				<AVal Row="2">21</AVal>
				<AVal Row="3">21</AVal>
				<AVal Row="4">21</AVal>
				<AVal Row="5">21</AVal>
			</ArrayValues>
		</LineType>

		<!-- gs_door_offnung: PARAMETER BLOCK ===== PARAMETER BLOCK ===== PARAMETER BLOCK ===== PARAMETER BLOCK -->

		<Title Name="gs_door_offnung">
			<Description><![CDATA[""]]></Description>
			<Flags>
				<ParFlg_Hidden/>
			</Flags>
		</Title>
		<Integer Name="dk_opening2D">
			<Description><![CDATA[""]]></Description>
			<Flags>
				<ParFlg_Child/>
				<ParFlg_Hidden/>
			</Flags>
			<Value>1</Value>
		</Integer>
		<Integer Name="dk_openingSA">
			<Description><![CDATA[""]]></Description>
			<Flags>
				<ParFlg_Child/>
				<ParFlg_Hidden/>
			</Flags>
			<Value>1</Value>
		</Integer>
		<Integer Name="dk_opening3D">
			<Description><![CDATA[""]]></Description>
			<Flags>
				<ParFlg_Child/>
				<ParFlg_Hidden/>
			</Flags>
			<Value>1</Value>
		</Integer>
		<Angle Name="gs_open_2D">
			<Description><![CDATA[""]]></Description>
			<Flags>
				<ParFlg_Child/>
				<ParFlg_Hidden/>
			</Flags>
			<Value>90</Value>
		</Angle>
		<PenColor Name="gs_pen_2D">
			<Description><![CDATA[""]]></Description>
			<Flags>
				<ParFlg_Child/>
			</Flags>
			<Value>2</Value>
		</PenColor>
		<Angle Name="gs_open_2D_s">
			<Description><![CDATA[""]]></Description>
			<Flags>
				<ParFlg_Child/>
				<ParFlg_Hidden/>
			</Flags>
			<Value>90</Value>
		</Angle>
		<Angle Name="gs_open_3D">
			<Description><![CDATA[""]]></Description>
			<Flags>
				<ParFlg_Child/>
				<ParFlg_Hidden/>
			</Flags>
			<Value>0</Value>
		</Angle>
		<PenColor Name="gs_frame_pen">
			<Description><![CDATA[""]]></Description>
			<Flags>
				<ParFlg_Child/>
			</Flags>
			<Value>2</Value>
		</PenColor>
		<PenColor Name="gs_leaf_pen">
			<Description><![CDATA[""]]></Description>
			<Flags>
				<ParFlg_Child/>
			</Flags>
			<Value>2</Value>
		</PenColor>

		<!-- gs_door_material: PARAMETER BLOCK ===== PARAMETER BLOCK ===== PARAMETER BLOCK ===== PARAMETER BLOCK -->

		<Title Name="gs_door_material">
			<Description><![CDATA[""]]></Description>
		</Title>
		<Material Name="gs_frame_mat">
			<Description><![CDATA[""]]></Description>
			<Flags>
				<ParFlg_Child/>
			</Flags>
			<Value>133</Value>
		</Material>
		<Material Name="gs_leaf_mat">
			<Description><![CDATA[""]]></Description>
			<Flags>
				<ParFlg_Child/>
			</Flags>
			<Value>133</Value>
		</Material>
		<Angle Name="gs_open_3D_s">
			<Description><![CDATA[""]]></Description>
			<Flags>
				<ParFlg_Child/>
				<ParFlg_Hidden/>
			</Flags>
			<Value>0</Value>
		</Angle>
		<Angle Name="dk_open_leaf">
			<Description><![CDATA[""]]></Description>
			<Flags>
				<ParFlg_Child/>
				<ParFlg_Hidden/>
			</Flags>
			<ArrayValues FirstDimension="6" SecondDimension="0">
				<AVal Row="1">74.1926175962</AVal>
				<AVal Row="2">0</AVal>
				<AVal Row="3">0</AVal>
				<AVal Row="4">0</AVal>
				<AVal Row="5">30</AVal>
				<AVal Row="6">30</AVal>
			</ArrayValues>
		</Angle>
		<Boolean Name="dk_opening_locked">
			<Description><![CDATA[""]]></Description>
			<Flags>
				<ParFlg_Child/>
				<ParFlg_Hidden/>
			</Flags>
			<Value>0</Value>
		</Boolean>
		<LineType Name="or_swingLineType">
			<Description><![CDATA[""]]></Description>
			<Flags>
				<ParFlg_Child/>
				<ParFlg_Hidden/>
			</Flags>
			<Value>1</Value>
		</LineType>
		<LineType Name="or_swingLineType2">
			<Description><![CDATA[""]]></Description>
			<Flags>
				<ParFlg_Child/>
				<ParFlg_Hidden/>
			</Flags>
			<Value>21</Value>
		</LineType>
		<Integer Name="dk_openLineType_BS">
			<Description><![CDATA[""]]></Description>
			<Flags>
				<ParFlg_Child/>
				<ParFlg_Hidden/>
			</Flags>
			<Value>1</Value>
		</Integer>
		<Integer Name="dk_openLineType_BGS">
			<Description><![CDATA[""]]></Description>
			<Flags>
				<ParFlg_Child/>
				<ParFlg_Hidden/>
			</Flags>
			<Value>1</Value>
		</Integer>
		<Integer Name="dk_openLineType_SF">
			<Description><![CDATA[""]]></Description>
			<Flags>
				<ParFlg_Child/>
				<ParFlg_Hidden/>
			</Flags>
			<Value>2</Value>
		</Integer>
		<Integer Name="dk_openingLineSymbol">
			<Description><![CDATA[""]]></Description>
			<Flags>
				<ParFlg_Child/>
				<ParFlg_Hidden/>
			</Flags>
			<Value>0</Value>
		</Integer>
		<Integer Name="dk_openingLineSymbol2">
			<Description><![CDATA[""]]></Description>
			<Flags>
				<ParFlg_Child/>
				<ParFlg_Hidden/>
			</Flags>
			<Value>0</Value>
		</Integer>

		<!-- gs_detail_level: PARAMETER BLOCK ===== PARAMETER BLOCK ===== PARAMETER BLOCK ===== PARAMETER BLOCK -->

		<Title Name="gs_detail_level">
			<Description><![CDATA[""]]></Description>
			<Flags>
				<ParFlg_Hidden/>
			</Flags>
		</Title>

		<!-- gs_min_space: PARAMETER BLOCK ===== PARAMETER BLOCK ===== PARAMETER BLOCK ===== PARAMETER BLOCK -->

		<Title Name="gs_min_space">
			<Description><![CDATA[""]]></Description>
		</Title>
		<Integer Name="msType">
			<Description><![CDATA[""]]></Description>
			<Flags>
				<ParFlg_Child/>
				<ParFlg_Hidden/>
			</Flags>
			<Value>0</Value>
		</Integer>
		<Length Name="msOpeningSideWidth1">
			<Description><![CDATA[""]]></Description>
			<Flags>
				<ParFlg_Child/>
			</Flags>
			<Value>0.1</Value>
		</Length>
		<Length Name="msOpeningSideWidth2">
			<Description><![CDATA[""]]></Description>
			<Flags>
				<ParFlg_Child/>
			</Flags>
			<Value>0.1</Value>
		</Length>
		<Length Name="ms_openingSDepth">
			<Description><![CDATA[""]]></Description>
			<Flags>
				<ParFlg_Child/>
			</Flags>
			<Value>1.8</Value>
		</Length>
		<Length Name="msOppositeSideWidth1">
			<Description><![CDATA[""]]></Description>
			<Flags>
				<ParFlg_Child/>
			</Flags>
			<Value>0.1</Value>
		</Length>
		<Length Name="msOppositeSideWidth2">
			<Description><![CDATA[""]]></Description>
			<Flags>
				<ParFlg_Child/>
			</Flags>
			<Value>0.1</Value>
		</Length>
		<Length Name="ms_oppositeSDepth">
			<Description><![CDATA[""]]></Description>
			<Flags>
				<ParFlg_Child/>
			</Flags>
			<Value>1.2</Value>
		</Length>

		<!-- gs_3D_representation: PARAMETER BLOCK ===== PARAMETER BLOCK ===== PARAMETER BLOCK ===== PARAMETER BLOCK -->

		<Title Name="gs_3D_representation">
			<Description><![CDATA[""]]></Description>
			<Flags>
				<ParFlg_Hidden/>
			</Flags>
		</Title>
		<Material Name="dk_materials">
			<Description><![CDATA[""]]></Description>
			<Flags>
				<ParFlg_Child/>
				<ParFlg_Hidden/>
			</Flags>
			<ArrayValues FirstDimension="35" SecondDimension="0">
				<AVal Row="1">40</AVal>
				<AVal Row="2">40</AVal>
				<AVal Row="3">59</AVal>
				<AVal Row="4">59</AVal>
				<AVal Row="5">24</AVal>
				<AVal Row="6">24</AVal>
				<AVal Row="7">24</AVal>
				<AVal Row="8">24</AVal>
				<AVal Row="9">24</AVal>
				<AVal Row="10">24</AVal>
				<AVal Row="11">59</AVal>
				<AVal Row="12">59</AVal>
				<AVal Row="13">24</AVal>
				<AVal Row="14">24</AVal>
				<AVal Row="15">59</AVal>
				<AVal Row="16">59</AVal>
				<AVal Row="17">59</AVal>
				<AVal Row="18">59</AVal>
				<AVal Row="19">59</AVal>
				<AVal Row="20">59</AVal>
				<AVal Row="21">24</AVal>
				<AVal Row="22">24</AVal>
				<AVal Row="23">59</AVal>
				<AVal Row="24">59</AVal>
				<AVal Row="25">59</AVal>
				<AVal Row="26">59</AVal>
				<AVal Row="27">59</AVal>
				<AVal Row="28">59</AVal>
				<AVal Row="29">45</AVal>
				<AVal Row="30">45</AVal>
				<AVal Row="31">45</AVal>
				<AVal Row="32">13</AVal>
				<AVal Row="33">13</AVal>
				<AVal Row="34">13</AVal>
				<AVal Row="35">13</AVal>
			</ArrayValues>
		</Material>

		<!-- gs_wall_contour_lines: PARAMETER BLOCK ===== PARAMETER BLOCK ===== PARAMETER BLOCK ===== PARAMETER BLOCK -->

		<Title Name="gs_wall_contour_lines">
			<Description><![CDATA[""]]></Description>
			<Flags>
				<ParFlg_Hidden/>
			</Flags>
		</Title>
		<String Name="gs_wallcontour">
			<Description><![CDATA[""]]></Description>
			<Flags>
				<ParFlg_Child/>
				<ParFlg_Hidden/>
			</Flags>
			<Value><![CDATA["Beide"]]></Value>
		</String>
		<Integer Name="gs_wallcontour_id">
			<Description><![CDATA[""]]></Description>
			<Flags>
				<ParFlg_Child/>
				<ParFlg_Hidden/>
			</Flags>
			<Value>3</Value>
		</Integer>
		<Boolean Name="dk_wallcontour_unique">
			<Description><![CDATA[""]]></Description>
			<Flags>
				<ParFlg_Child/>
				<ParFlg_Hidden/>
			</Flags>
			<Value>0</Value>
		</Boolean>
		<Integer Name="dk_lintelcontour_id">
			<Description><![CDATA[""]]></Description>
			<Flags>
				<ParFlg_Child/>
				<ParFlg_Hidden/>
			</Flags>
			<ArrayValues FirstDimension="6" SecondDimension="0">
				<AVal Row="1">3</AVal>
				<AVal Row="2">3</AVal>
				<AVal Row="3">0</AVal>
				<AVal Row="4">0</AVal>
				<AVal Row="5">0</AVal>
				<AVal Row="6">3</AVal>
			</ArrayValues>
		</Integer>
		<Integer Name="dk_wallcontourstyle_LoD">
			<Description><![CDATA[""]]></Description>
			<Flags>
				<ParFlg_Child/>
				<ParFlg_Hidden/>
			</Flags>
			<Value>4</Value>
		</Integer>

		<!-- bs_planning: PARAMETER BLOCK ===== PARAMETER BLOCK ===== PARAMETER BLOCK ===== PARAMETER BLOCK -->

		<Title Name="bs_planning">
			<Description><![CDATA[""]]></Description>
			<Flags>
				<ParFlg_Hidden/>
			</Flags>
		</Title>

		<!-- ifc_parameter_transfer: PARAMETER BLOCK ===== PARAMETER BLOCK ===== PARAMETER BLOCK ===== PARAMETER BLOCK -->

		<Title Name="ifc_parameter_transfer">
			<Description><![CDATA[""]]></Description>
			<Flags>
				<ParFlg_Hidden/>
			</Flags>
		</Title>
		<String Name="ifc_optypestr">
			<Description><![CDATA[""]]></Description>
			<Flags>
				<ParFlg_Child/>
				<ParFlg_Unique/>
			</Flags>
			<Value><![CDATA["Zweiflügeltür - Öffnungsflügel"]]></Value>
		</String>
		<Integer Name="ifc_optype">
			<Description><![CDATA[""]]></Description>
			<Flags>
				<ParFlg_Child/>
				<ParFlg_Unique/>
				<ParFlg_Hidden/>
			</Flags>
			<Value>2</Value>
		</Integer>

		<!-- dk_bim: PARAMETER BLOCK ===== PARAMETER BLOCK ===== PARAMETER BLOCK ===== PARAMETER BLOCK -->

		<Title Name="dk_bim">
			<Description><![CDATA[""]]></Description>
			<Flags>
				<ParFlg_Hidden/>
			</Flags>
		</Title>
		<Integer Name="dk_LOI">
			<Description><![CDATA[""]]></Description>
			<Flags>
				<ParFlg_Child/>
				<ParFlg_Hidden/>
			</Flags>
			<Value>2</Value>
		</Integer>
		<Integer Name="dk_LOD">
			<Description><![CDATA[""]]></Description>
			<Flags>
				<ParFlg_Child/>
				<ParFlg_Hidden/>
			</Flags>
			<ArrayValues FirstDimension="3" SecondDimension="0">
				<AVal Row="1">350</AVal>
				<AVal Row="2">350</AVal>
				<AVal Row="3">350</AVal>
			</ArrayValues>
		</Integer>

		<!-- dk_extendable_components: PARAMETER BLOCK ===== PARAMETER BLOCK ===== PARAMETER BLOCK ===== PARAMETER BLOCK -->

		<Title Name="dk_extendable_components">
			<Description><![CDATA[""]]></Description>
			<Flags>
				<ParFlg_Hidden/>
			</Flags>
		</Title>
		<String Name="frame_system">
			<Description><![CDATA[""]]></Description>
			<Flags>
				<ParFlg_Child/>
				<ParFlg_Hidden/>
			</Flags>
			<Value><![CDATA["Umfassungszarge"]]></Value>
		</String>
		<String Name="panel_system">
			<Description><![CDATA[""]]></Description>
			<Flags>
				<ParFlg_Child/>
				<ParFlg_Hidden/>
			</Flags>
			<Value><![CDATA["allgemein"]]></Value>
		</String>
		<String Name="hinge_system">
			<Description><![CDATA[""]]></Description>
			<Flags>
				<ParFlg_Child/>
				<ParFlg_Hidden/>
			</Flags>
			<Value><![CDATA["allgemein"]]></Value>
		</String>
		<String Name="closer_system">
			<Description><![CDATA[""]]></Description>
			<Flags>
				<ParFlg_Child/>
				<ParFlg_Hidden/>
			</Flags>
			<Value><![CDATA["DORMAKABA_TS"]]></Value>
		</String>
		<String Name="automation_system">
			<Description><![CDATA[""]]></Description>
			<Flags>
				<ParFlg_Child/>
				<ParFlg_Hidden/>
			</Flags>
			<Value><![CDATA["DORMAKABA_ED"]]></Value>
		</String>
		<String Name="case_system">
			<Description><![CDATA[""]]></Description>
			<Flags>
				<ParFlg_Child/>
				<ParFlg_Hidden/>
			</Flags>
			<Value><![CDATA["allgemein"]]></Value>
		</String>
		<String Name="handle_system">
			<Description><![CDATA[""]]></Description>
			<Flags>
				<ParFlg_Child/>
				<ParFlg_Hidden/>
			</Flags>
			<Value><![CDATA["DORMAKABA_OGRO"]]></Value>
		</String>
		<String Name="access_control_system">
			<Description><![CDATA[""]]></Description>
			<Flags>
				<ParFlg_Child/>
				<ParFlg_Hidden/>
			</Flags>
			<Value><![CDATA["allgemein"]]></Value>
		</String>
		<String Name="grip_system">
			<Description><![CDATA[""]]></Description>
			<Flags>
				<ParFlg_Child/>
				<ParFlg_Hidden/>
			</Flags>
			<Value><![CDATA["allgemein"]]></Value>
		</String>
		<String Name="accessory_system">
			<Description><![CDATA[""]]></Description>
			<Flags>
				<ParFlg_Child/>
				<ParFlg_Hidden/>
			</Flags>
			<Value><![CDATA["allgemein"]]></Value>
		</String>

		<!-- ac_library: PARAMETER BLOCK ===== PARAMETER BLOCK ===== PARAMETER BLOCK ===== PARAMETER BLOCK -->

		<Title Name="ac_library">
			<Description><![CDATA[""]]></Description>
			<Flags>
				<ParFlg_Hidden/>
			</Flags>
		</Title>
		<String Name="LibraryLangCode">
			<Description><![CDATA[""]]></Description>
			<Flags>
				<ParFlg_Child/>
				<ParFlg_Hidden/>
			</Flags>
			<Value><![CDATA["GER"]]></Value>
		</String>
		<Integer Name="language">
			<Description><![CDATA[""]]></Description>
			<Flags>
				<ParFlg_Child/>
				<ParFlg_Hidden/>
			</Flags>
			<Value>1</Value>
		</Integer>
		<RealNum Name="versionStamp">
			<Description><![CDATA[""]]></Description>
			<Flags>
				<ParFlg_Child/>
				<ParFlg_Hidden/>
			</Flags>
			<Value>1.5</Value>
		</RealNum>
		<Integer Name="gs_ui_current_page">
			<Description><![CDATA[""]]></Description>
			<Flags>
				<ParFlg_Child/>
				<ParFlg_Hidden/>
			</Flags>
			<Value>1</Value>
		</Integer>
		<Integer Name="show_start_screen">
			<Description><![CDATA[""]]></Description>
			<Flags>
				<ParFlg_Child/>
				<ParFlg_Hidden/>
			</Flags>
			<Value>0</Value>
		</Integer>
		<Integer Name="gs_ui_sub_tabpage">
			<Description><![CDATA[""]]></Description>
			<Flags>
				<ParFlg_Child/>
				<ParFlg_Hidden/>
			</Flags>
			<Value>1</Value>
		</Integer>
		<Integer Name="gs_ui_sub_tabpage_closure">
			<Description><![CDATA[""]]></Description>
			<Flags>
				<ParFlg_Child/>
				<ParFlg_Unique/>
			</Flags>
			<Value>1</Value>
		</Integer>
		<Integer Name="ac_wido_hide_options">
			<Description><![CDATA[""]]></Description>
			<Flags>
				<ParFlg_Child/>
				<ParFlg_Hidden/>
			</Flags>
			<Value>3</Value>
		</Integer>
		<Integer Name="develop">
			<Description><![CDATA[""]]></Description>
			<Flags>
				<ParFlg_Child/>
				<ParFlg_Hidden/>
			</Flags>
			<Value>0</Value>
		</Integer>

		<!-- ac_details: PARAMETER BLOCK ===== PARAMETER BLOCK ===== PARAMETER BLOCK ===== PARAMETER BLOCK -->

		<Title Name="ac_details">
			<Description><![CDATA[""]]></Description>
			<Flags>
				<ParFlg_Hidden/>
			</Flags>
		</Title>
		<Length Name="ac_left_oversize">
			<Description><![CDATA[""]]></Description>
			<Flags>
				<ParFlg_Child/>
				<ParFlg_Hidden/>
			</Flags>
			<Value>0</Value>
		</Length>
		<Length Name="ac_right_oversize">
			<Description><![CDATA[""]]></Description>
			<Flags>
				<ParFlg_Child/>
				<ParFlg_Hidden/>
			</Flags>
			<Value>0</Value>
		</Length>
		<Length Name="ac_upper_oversize">
			<Description><![CDATA[""]]></Description>
			<Flags>
				<ParFlg_Child/>
				<ParFlg_Hidden/>
			</Flags>
			<Value>0</Value>
		</Length>
		<Length Name="ac_lower_oversize">
			<Description><![CDATA[""]]></Description>
			<Flags>
				<ParFlg_Child/>
				<ParFlg_Hidden/>
			</Flags>
			<Value>0</Value>
		</Length>
	
</Parameters>	
</AddPar>
